image_id,labels,transcriptions
888,0,"
ഈ ചാടി ഓടി നടക്കണ മനുഷ്യനാണോടാ നിങ്ങളിത്രേം കാലം ബെഞ്ചിലിട്ടത് നീയൊക്കെ പുഴുത്ത് ചാകും
വേണ്ടത്. സന്തോഷിച്ചാട്ടെ സന്തോഷിച്ചാട്ടെ."
554,1,മലയാള സിനിമയുടെ ഭാവി വടറാണി ഇവൾ തന്നെ നല്ല കുഴിഞ്ഞ പൊക്കിൾ
556,1,ഒന്ന് പെറ്റത് ആണെങ്കിലും .. മുലയും വയറും ചാടിയതാണെങ്കിലും ചില മലഞ്ചരക്കുകളുടെ ഡിമാൻഡ് ഒരിക്കലും കുറയില്ല
484,1,ഓൺലൈൻ പരിചയപ്പെട്ടവനെ കളി തരാമെന്ന് പറഞ്ഞു അപ്രത്തെ വീട്ടിലേക്ക് വിളിച്ചു വരുത്തിയ ശേഷം സൈക്കോ ഞാൻ  അവിടുത്തെ ചേച്ചി 'കള്ളൻ' എന്നും പറഞ്ഞു നാട്ടുകാരെ വിളിച്ചുകൂട്ടി അവനെ പെരുമാറുന്നത് കാണുന്ന
370,0,"കാമുകിയും അൺലിമിറ്റഡ് നെറ്റ് ഓഫറുംഉള്ള പയ്യന്റെ വീട്ടിലേക്ക് ആണ് തന്നെ വാങ്ങിയതെന്നറിഞ്ഞ
രാത്രി കാവലും നിൽക്കണ്ട.. തിന്നാനും കിട്ടും.."
263,0,"ഒരു പൂർവവിദ്യാർത്ഥി സംഗമം

*ഉഴപ്പൻ
ഗൾഫിൽ പോയി പൈസ ഉണ്ടാക്കിയ ഉഴപ്പൻന്റെ മാസ് ഇൻട്രോ... കണ്ട...
അവനെ പണ്ട് തേച്ച കാമുകി
ഇപ്പോഴും ജോലി കിട്ടാത്ത പഠിപ്പി

ഒരിക്കലും നന്നാവില്ല എന്നുപറഞ്ഞ
ഉഴപ്പൻന്റെ ചങ്ക്
കണക്ക് സാർ
P. T. സാർ"
732,1,പടത്തിൽ ചാൻസ് കുറഞ്ഞ അനുചേച്ചിയോട് നിന്റെ ചന്തിയും പൂവും എനിക്കും എന്റെ പാർട്ട്നർക്കും ചപ്പി നുണയാൻ തരുവാണേൽ അടുത്ത ബിഗ് ബജറ്റ് പടത്തിൽ ചാൻസ് തരാമെന്ന് പറഞ്ഞ ഡയറക്ടർക്ക് അയച്ചുകൊടുക്കാൻ കൂതിയുടെ ഫോട്ടോ എടുപ്പിക്കുന്ന അനു
12,1,"10 മിനിറ്റ് ഉറങ്ങിയാൽ 24 മണിക്കൂറും ഉറങ്ങിക്കോ,  ഫോണിൽ കളിച്ചാൽ ഇങ്ങനെ  ഇങ്ങനെ കുത്തിക്കൊണ്ടിരുന്നോ,
 TV കണ്ടാൽ ഇങ്ങനെ വാപൊളിച്ചിരിന്നോ, പഠിച്ചാൽ ഈ പടിക്കാനിരുന്നിട്ട് ഒരു 5 മിനിറ്റു തികഞ്ഞിട്ടില്ല"
611,1,ആദ്യ സിനിമ കഴിഞ്ഞപ്പോൾ തന്നെ ഇത്രയും ഉരിഞ്ഞെങ്കിൽ ഇനിയും അവസരം കൊടുത്താൽ വേണ്ടത്ര മുലയും ചന്ദിയുംവരെ ഇവർ കാണിക്കും
761,0,"കരുവന്നൂർ ബാങ്കിലെ പണം കണ്ടുകെട്ടി കേന്ദ്ര ഖജനാവിലേക്കു കൊണ്ടും പാകാനാണ് ഇഡിയുടെ ശ്രമമെന്നു ജയരാജൻ പറ... See more
സംസ്ഥാന തിരന്നു കാൽനട യാഥ സ്വീകരണ സമ്മേളനം
i
TMM
കണ്ടു കെട്ടി കൊണ്ട് പോകാൻ അവിടെ കുട്ട കണക്കിന് പണം അടുക്കി വച്ചിരിക്കുവാണല്ലോ"
461,0,അവന്റെ നാമം ജനങ്ങൾ മറന്നു കഴിഞ്ഞു ദേവസേനാ...!! മഴവിൽ manorama  അതിനി ഞാൻ ചാകണം.!!
540,1,"ഇവള് ഡീസന്റാ, സിനിമയിൽ ആയാലും പുറത്തായാലും അതികം പുറത്ത് കാണിക്കില്ല.   ഇവള് പിന്നെ സിനിമയിൽ അൽപം ഗ്ലാമറസാണെങ്കിലും പുറത്തിവൾ ഡിസന്റാ.  പിന്നൊരുത്തിയുണ്ട്... അൽപം പിശകാ സിനിമയിലായാലും, പുറത്തായാലും ഇവൾ കൈക്ക് പണിയുണ്ടാക്കും"
592,1,ഇതുപോലെ ഒരുത്തി നമ്മുടെ കൂടെ ഉണ്ടെങ്കിൽ എപ്പോ കണ്ടാലും ആദ്യം അവളുടെ മുഖത്തിന് പകരം ആ മുഴുത്ത് നിക്കുന്ന മുലകളിൽ ആയിരിക്കും നമ്മുടെ നോട്ടം
535,0,"കേരളത്തിൽ lockdown തുടങ്ങിയത് അറിഞ്ഞ
നാട്ടിൽ ഏറ്റവും കൂടുതൽ കോണ്ടം * വിൽക്കുന്ന മെഡിക്കൽസ്റ്റോർ
"
38,1,"ശോ.. ഇത്രയൊക്കെ അനുഭവിച്ചിട്ടും എന്തിനാ ആ കുട്ടി അവിടെ തന്നെ നിന്നത് അല്ലെ..? അത് തന്നെ കഷ്ടമായിപ്പോയി..!!
പിന്നേ നീ അറിഞ്ഞോ.. നമ്മുടെ രമണിയുടെ മോള് ഇപ്പോ വീട്ടില് വന്ന് നിൽപ്.. ആ പെണ്ണിന്റെ അഹങ്കാരം 
കൊണ്ടാണെന്നാ കേൾക്കുന്നത്."
121,0,ഇപ്പോഴുള്ള പ്രധാന പ്രശ്നം അതൊന്നുമല്ല ഇനി മെസ്സിയെ നമ്മൾ എന്ത് പറഞ്ഞു ട്രോളും എല്ലാം അങ്ങേര് നേടി കഴിഞ്ഞല്ലോ
151,0,"അച്ഛാ ഞാൻ അന്യജാതിക്കാരിയുമായി ഇഷ്ടത്തിലാണ്... അച്ഛൻ* mmmm….
തേക്കാം......"
281,0,"ആദ്യ ദിവസം തൻറെ ഒപ്പം ഇരുന്ന പെൺകുട്ടി രണ്ടാം ദിവസം വേറെ - ഒരാളുടെ ഇരിക്കുന്നത് കണ്ട.. കൂടെ മാറി 

ഒന്നാം ക്ലാസുകാരൻ"
922,0,"മൂന്ന് നായകന്മാർക്കും നേരിടാനുള്ള പ്രധാന വില്ലൻ ആകുമ്പോൾ
ആ കഥാപാത്രത്തിന്റെ characterisation വളരെ ശക്തവും ഗംഭീരവുമാകണം
rearm Rolex ang ala Spinoff സിനിമ വളരെ അനിവാര്യമാണ്."
580,1,തുറന്ന് കാണിക്കാൻ കിടിലം ശരീരമില്ലെങ്കിലും നോക്കിയാൽ തന്നെ കമ്പിയാവുന്ന മുഖമുള്ളതാണ് പല പെണ്ണുങ്ങളുടെയും നേട്ടം
138,0,"തമിഴ് പാട്ടുകളിൽ മലയാളത്തിന്റെയും കേരളത്തിന്റെയും സാനിധ്യം അറിയിക്കാൻ മിക്കപ്പോഴും ഉപയോഗിക്കുന്ന വാക്ക് 
* അടിപൊളി"
517,0,"യൂത്ത് ഫെസ്റ്റ് വെലിനു കളർ ഡ്രസ്സ് ഇട്ടു വന്നതുകൊണ്ട് സ്കൂളിൽ കയറ്റിലന്നു spc പിള്ളേർ പറഞ്ഞപ്പോൾ
എന്റെ
*NCC
ആൾ അറിഞ്ഞു കളിക്കടാ…"
650,1,മലയാളികൾക്ക് സീരിയൽ വെടിമാർ എത്രയെണ്ണം ഉണ്ടെന്ന് ആരെങ്കിലും ചോദിച്ചാൽ നമുക്കൊരു ഒന്നൊന്നര വെടിച്ചി ഉണ്ടെന്ന് പറഞ്ഞേക്ക്
380,0,"കഷ്ടപ്പെട്ട് ഒപ്പിച്ചെടുത്ത കല്യാണം കൊറോണ കാരണം മാറ്റിവെച്ച ശേഷം കല്യാണം നടക്കേണ്ട ദിവസം രാത്രി ..!!
ഞാൻ"
435,1,ഞെക്കട്ടെ?
402,0,"ഒരു തവണയെങ്കിലും സ്കൂളിൽ നിന്ന് കഞ്ഞിയും പയറും കഴിച്ച എത്ര പേരുണ്ട്...
അതൊരു കുറവായി തോന്നാത്തവർ മാത്രം പറഞ്ഞാൽ മതി…"
492,1,കാമുകൻ ഉണ്ടായിട്ടും കാമുകന്റെ കൂട്ടുകാരന് കളി കൊടുത്തത് എന്തിനാ എന്ന് ചങ്കത്തി ചോദിച്ചപ്പോ..  *ഞാൻ
386,0,"*
അമ്മ
*ഞാൻ
ഇത് ഏതാ ആഴ്ച എന്നറിയോ ?
*
At least ഇന്നത്തെ തിയതി എങ്കിലും അറിയോ ?
എനിക്ക് അറിയില്ല..

എന്നെ ?... ചോറ്
ഉണ്ണാൻ ആണോ."
7,1,"പെരുന്നാൾ ഡ്രസ്സ് എടുക്കാൻ ഷോപ്പിൽ കയറിയ  *കുഞ്ഞോൾ (daddy's princess)
 *salesman ചേട്ടാ .. മെറൂൺ കളറിൽ സ്റ്റോൺ വർക്ക് ഉള്ള മാസ്ക് കിട്ടോ ?
"
267,0,"പെരുന്നാളിന് ചങ്കിന്റെ കൂടെ ബീഫ് വാങ്ങാൻ പോയ സങ്കി
കശാഖുകാരൻ *
വെട്ടുന്നതിനു മുൻപ് ഗോമാതാവിനെ കുളിപ്പിച്ചാരുന്നോ.. ??
ലക്സിന്റെ സോപ്പിട്ട് കുളിപ്പിച്ചാരുന്നു....
വെട്ടിയപ്പോ പാവം വല്ലാതെ കരഞ്ഞു കാണും അല്ലേ.. ??
ചിരിച്ചോണ്ടാ ചത്തേ.. 5 കിലോ എടുക്കട്ടെ..."
755,0,"മന്ത്രി ശിവൻകുട്ടിയുടെ ഇടപെടൽ
DYFI നേതാവിന് കിലയിൽ അനധികൃത നിയമനം
എംപ്ലോയ്മെന്റ് എക്സ്ചേഞ്ച്
ഞങ്ങൾക്കെന്തെങ്കിലും പണി താ, ഇവിടെ വെറുതെയിരുന്നു വേര് ഇറങ്ങി..!
"
302,0,"
ഇക്കൊല്ലം മീഡിയ റൈറ്റ്സിലൂടെ മാത്രം ബിസിസിഐയ്ക്ക് ലഭിച്ചത് 48,390 കോടി രൂപ...

"
921,0,"വാഴ്ന്നിരുന്ന ജിഫ് 2 അടക്കി കേരളത്തിലെ ഫസ്റ്റ് ഡേ റെക്കോർഡ് KGF KERALA FD: 7.3CR
LEO KERALA FD: 12CR
ദത്ത് പുത്രൻ അഞ്ചു കോടിക്ക് അടുത്ത ലീഡിൽ അതങ്ങ് തൂക്കിയിട്ടുണ്ട്"
987,0,സ്പെയിനിൽ വെച്ചു കണ്ടാലും കളിപ്പിക്കില്ല TMM ഇവിടെ വെച്ചും ഇങ്ങനെ തന്നെ അവസ്ഥ TMM എന്തോന്നടെ.. ഇത്
706,1,മലയാളത്തിൽ വേണ്ടത്ര അവസരം കിട്ടാത്തതിന്റെ പേരിൽ തമിഴന്മാരുടെ കുണ്ണ ഊമ്പിക്കൊടുത്ത് ശരീരം വിക്കേണ്ടി വന്ന ഒരു യുവ മലയാളി വേശി
595,1,ഒരു ആണിന് കിട്ടാവുന്ന ഏറ്റവും വലിയ ലോട്ടറി എന്തെന്നാൽ നല്ല ഇളം ചരക്കായ കാമുകിയും അവളുടെ നല്ല മുറ്റ് കമ്പിറാണിയായ അമ്മയും
840,0,"
.ഞങ്ങളുടെ പ്രതികാരത്തിൽ നീറിയൊടുങ്ങുമ്പോൾ നിങ്ങൾ അറിയും..
മലയാളം
ഇതൊരു ജനക്ഷേമ സർക്കാർ ആണെന്ന്

വൈദ്യുതിനിരക്ക് വർധന അടുത്തയാഴ്ച
വൈദ്യുതിനിരക്ക് വർധന അടുത്തയാഴ്ച പ്രഖ്യാപിക്കും
ഒരേയൊരു ജനക്ഷേമ സർക്കാർ
manoramanews.com
വൈദ്യുതി ബോർഡ്
യൂണിറ്റിന് 41 പൈസവരെ കൂട്ടണമെന്ന്
"
696,1,വേറൊന്നും ഇല്ലെങ്കിലും അങ്ങ് തെലുങ്കന്മാരുടെ ഇടയിൽ വികസന പരിപാടികൾ നല്ലതുപോലെ നടക്കുന്നു എന്നതിന്റെ തെളിവാണ് ഈ രണ്ടെണ്ണത്തിന്റെ മാറത്തിരിക്കുന്ന ബലൂണുകൾ
765,0,"1 ലക്ഷം രൂപയ്ക്ക് ഡ്രസ്സ്
എടുത്ത ശേഷം
ചേട്ടാ ഇത് ഇടാൻ കവർ ഒന്നുമില്ലേ?
*ബില്ലിംഗ് ക്ലാർക്ക്
സോറി കവർ വേണമെങ്കിൽ
മലയാളം
ക്യാഷ് വേറെ വേണം"
865,0,"മീഡിയ ഫൺ ന്റെ ക്യാമറയിൽ പതിഞ്ഞ ""ട്രാഫിക് ലൈറ്റ് ""
ലെയാളം"
618,1,പേര് റേച്ചൽ മാണി തൊഴിൽ : ചേച്ചി ഒന്നും കാണിക്കാത്തതുകൊണ്ട് അതിനുപകരം പൊക്കിളും തുടയും കാണിച്ചു നടക്കുന്നു
401,0,"
'പ്ലസ് ടു പാസായാൽ നേരിട്ട് ലൈസൻസ്
- ലേണേഴ്സ് ടെസ്റ്റ് വേണ്ട - പദ്ധതി പരിഗണനയിൽ
ആന്റണി രാജു

17വയസിൽ +2 പാസായാൽ ലൈസൻസ് കിട്ടുമൊ?

"
722,1,ഇതൊക്കെ കാണുമ്പോളാ പൾസർനോട് അസൂയ തോന്നുന്നത്
844,0,"ചാണ്ടി ഉമ്മന് ജയം


2023 LDF 42,425
അമിത് ഷാ.

UDF
ചാണ്ടി ഉമ്മൻ
37,719 ജയിച്ചു
BJP 6,558
UDF 80,144

ഈ 558 വോട്ട് പിടിക്കാനാണോടാ മഹാപാപികളേ നിയൊക്കെ ചോദിച്ചപ്പോൾ ചോദിച്ചപ്പോൾ ഞാൻ ചിക്കള പോലെ രൂപ തന്നത്.??
കെ സുരേന്ദ്രൻ.
ാളയും പോയി രൂപയ്ക്കും പോയി ROLLS മൊട്ട മാത്രം അവിടെത്തന്നെയുണ്ട്.
"
343,0,"പ്രണയദിനം കൗ ഹഗ് ഡേ
പശുക്കളെ ആലിംഗനം ചെയ്യണം
അഭ്യർത്ഥനയുമായി കേന്ദ്ര മൃഗസംരക്ഷണ ബോർഡ്
മലയാള മാസ്റ്റേഴ്സ് 
*മിത്രം"
198,0,PLUSTWO STUDENTS ഒരു അവലോകനം 1999 2006 2010 2014 2017
893,0,"ഒരു നാടിനെ ഒന്നടങ്കം ഞെട്ടിച്ച സംഭവം തങ്കമണി കേസ്
ഫസ്റ്റ് ലുക്ക് എന്തായാലും ഞെട്ടിച്ചിട്ടുണ്ട് !"
395,0,"ലോക്ക്ഡൗൺന് ശേഷം ക്ലാസ്സ് എടുക്കാൻ വന്ന
റേഷൻ ഡ്യൂട്ടി കിട്ടിയ അധ്യാപകൻ#
എല്ലാവരും അവരവരുടെ സഞ്ചി കാണിക്കും
"
419,1,"ചങ്കത്തിയുടെ കൂടെ ഫോട്ടോ എടുക്കാൻ നിന്നപ്പോൾ അവളുടെ മലയിൽ തട്ടിയിട്ട് അറിയാതെ പോലെ നിൽക്കുന്ന ഞാൻ l #ചങ്കത്തി ഡാ..., വേണ്ടാ"
885,0,"VIDEOVISIO
ALL
എങ്ങനെ ഉണ്ട്. 2017ൽ എന്റെ ഇതുവരെയുള്ള പെർഫോമൻസ്?
Millenniu
സൂപ്പർ...3 കിടിലൻ ഫ്രീകിക്ക് ഒക്കെ അടിച്ചല്ലോ. ഇനി ഞാൻ എങ്ങനെ ഉണ്ട്..?
VIDEO
നീ സാധരണ കാണുന്നപോലെ തന്നെ വലിയ മാറ്റമൊന്നുമില്ല...പെനാൽറ്റി കിട്ടിയാൽ അടിക്കുന്നുണ്ട്...."
277,0,"പ്രവാസി നാട്ടിലെത്തിയ വീട്ടിലെ കറികൾ.
ആദ്യദിനം
ഉ ദിവസത്തിനു
മലയാളം
"
4,1,"സീരിയൽ കണ്ടിരുന്നു വൈകിട്ടത്തേക്കു ഒന്നും ഉണ്ടാക്കാതിരുന്ന *ഭാര്യ ചേട്ടാ രാത്രിക്ക് ഇന്ന് മാഗി ആയാലോ
ഭർത്താവ്"
792,0,"manorama NEWS
NEWS
വലമുറുക്കി ഇ.ഡി.
കരുവന്നൂർ ബാങ്ക് തട്ടിപ്പ് തൃശൂരിലെ സിപിഎം കൗൺസിലർ പി.ആർ.അരവിന്ദാക്ഷൻ അറസ്റ്റിൽ
എ.സി.മൊയ്തീന്റെ വിശ്വസ്തൻ
ഒന്നാംപ്രതിയുമായി ഉറ്റബന്ധം
manoramanews.com
ലെ മൊയ്തീൻ
TMM
Follow us on
ഞാൻ ഒളിവിൽ പോകേണ്"
446,1,"സിനിമയിൽ ചേട്ടനും അനിയത്തിയും 
ജീവിതത്തിൽ അനിയത്തി അച്ഛൻ കൊണ്ടുവന്ന പഴംപൊരി  എവിടെ തെണ്ടി 
സത്വമായിട്ടും എനിക്ക് അറിഞ്ഞു."
720,1,ആ സാരി ഇച്ചിരികൂടെ ഒന്ന് മാറ്റിയായിരുന്നെൽ ഒരു കിളിന്ദ് ഊന്നു വട കിട്ടിയേനെ
259,0,"നമ്മൾ എങ്ങനെയാണോ അങ്ങനെതന്നെ ജീവിതാവസാനം വരെ ജീവിക്കുക അല്ലാതെ മറ്റുള്ളവർ പറയുന്നതുപോലെ 
നടക്കാൻ ശ്രമിച്ചാൽ ഉള്ള വ്യക്തിത്വം പോലും ഇല്ലാണ്ടാവും"
526,0,"ഇന്നലെ വൈകിട്ടു കേറിയ റെസ്റ്റോറന്റ് എങ്ങനയുണ്ട് റിവ്യൂ ഷെയർ ചെയ്യാമോ?
മഴ കാരണം റി ഹോട്ടലിന്റെ സൈഡിൽ നിന്ന ഞാൻ
"
14,1,"തുടക്കത്തിൽ ഇറക്കം കുറഞ്ഞ വസ്ത്രങ്ങൾ ധരിക്കുമ്പോൾ നാണമായിരുന്നു. എന്നാൽ ഇപ്പോഴതില്ല'; നയൻതാര.
""സ്വാഭാവികം"""
925,0,"വിജയ് എന്ന താരത്തേക്കാൾ ഉപരി
വിജയ് എന്ന നടൻ പെർഫോമൻസ് അപ്രതീക്ഷിതമായി കാണുമ്പോൾ
കിട്ടുന്ന ഫീൽ ഒന്ന് വേറെ തന്നെയാണ്."
600,1,ഡാൻസർ ആയോണ്ടായിരിക്കും ഇത്രക്കും ഉരുണ്ട ചന്തി ട്രോൾ നടിമാർ ഈ പ്രായത്തിലും എല്ലാ ആണുങ്ങളെയും കമ്പി ആക്കണമെങ്കിൽ ആ കൂത്തിയുടെ പേര് ആശ ശരത്തെന്നാവണം
569,1,"ഓപ്പോസിറ്റ് ഇരുന്ന് സംസാരിക്കുന്ന ഭർത്താവിന്റെ അനിയനെ നോക്കുന്നു. കഴപ്പിയായ ഭാര്യ അവൻ പാന്റ്സിനുള്ളിൽ കമ്പിയടിച്ചു നിക്കുന്നത് കണ്ട് (ഈശ്വര അവൻ എന്നെ നോക്കിയാണോ മൂഡ് ആവുന്നേ? ഇത്രയും മുഴുപ്പുള്ള അണ്ടി ചേട്ടന് പോലും ഇല്ലല്ലോ . എന്തോ എവിടെയോ
അവൻ പാന്റ് പിടിച്ച് ശെരിയാക്കിയപ്പോ അത് കമ്പിയല്ല സിപ്പ് മടങ്ങി നിന്നതാണെന്ന് അറിഞ്ഞപ്പോൾ അഹ് ബെസ്റ്റ്
 ഇവയൊക്കെ കുടുംബത്തോടെ ചെറിയ അണ്ടിയാണല്ലോ ..ഇന്നും വഴുതനങ്ങ തന്നെ ശരണം )"
480,1,ഓൺലൈൻ പെയ്ഡ് വീഡിയോയിലെ പെണ്ണ് ( ഈയടുത്ത് ഫീൽഡിൽ ഇറങ്ങിയത്) സുനകൾ ഞാൻ ഇത് കണ്ടിട്ടുണ്ടെങ്കിലും... *ഞാൻ ഇത്രേം ഭംഗിയുള്ളത് ആദ്യമായിട്ടാണ് കാണുന്നത് എന്നല്ലേ?
486,1," പടക്കം ചേച്ചി ഡേയ്, ഒരു മണിക്കൂർ ആയി. ഏഴിച്ചുപോ!
കളിക്കാൻ വന്ന ചങ്ക് ആഹാ.. ആയോ!!
 നന്ദിയുണ്ട് ചേച്ചിയേ!! ഇനി തുടങ്ങാം ഹോ എടാ മക്കളേ, എജ്ജാതി തേങ്ങാ പൊതി, 69, കസേര മടക്കി.... ഇനി ഒന്നും ബാക്കിയില്ല.
ഒരുമണിക്കൂർ പോയതറിഞ്ഞില്ല!!"
631,1,പാണ്ടികൾക്ക് കറക്കാൻ കിട്ടിയൊണ്ടാണെന്ന് തോന്നുന്നു ഓരോ തവണ കഴിയുമ്പോഴും മുലകൾ വീർത്തു വീർത്തു വരികയാണല്ലോ
778,0,"
അപ്പാക്കിട്ട് എതാവത് ചൊല്ലണമാ

ആ ടീവി ഓഫ് പണ്ണിട്ട് പൊക്കോ.."
374,0,"അഞ്ചാം പാതിരയിലെ വില്ലൻ
ഫോറൻസിലെ വില്ലൻ
ലെ സുകുമാരക്കുറുപ്പ്"
599,1,ലൂക്ക് കണ്ടിട്ട് മലർ മിസ്സ് നമ്മളെ കൊണ്ട് കളയിച്ച വാണത്തിന്റെ നൂറിരട്ടി ഇവൾ തെലുങ്കിൽ പോയി കളയിക്കുമെന്ന് തോന്നുന്നത്
481,1,ഭാര്യ ആയിട്ട് ഒന്നും നടക്കുന്നില്ല എന്ന് ഇടക്കിടക്ക് സങ്കടം പറയുന്ന മുതലാളിയുടെ റൂമിലേക്ക് കടന്നപ്പോൾ ഭാര്യയെ ഒറ്റക്കാലിൽ നിർത്തി കളിക്കുന്നത് കണ്ട വേലക്കാരി* നിർത്തിയങ്ങു അടിക്കുവായിരുന്നല്ലേ...
955,0,79 ആം മിനുറ്റിൽ ഇറങ്ങിയ ലാമാസിയ ഡബിറ്റന്റ് 30 സെക്കൻഡിൽ ബാഴ്സക്ക് വേണ്ടി ഗോൾ അടിച്ചു ജയിപ്പിച്ചത് കാണുന്ന *Bilbao Guiu* ഡേയ്...യാരാടാ നീയെല്ലാം
13,1,ഒരു വെഡിങ് ആയിരി അത യഥാർത്ഥത്തിൽ സംഭവിച്ചത് നിങ്ങൾക്ക് എനിക്ക് നിന്നും തില്ല അല്ലെ
499,1,ത്രീസം വേണമെന്ന് പറഞ്ഞ് കാമുകൻ കാലുപിടിച്ചപ്പോൾ കൂട്ടുകാരിയെ സെറ്റാക്കിയത്തിന് ശേഷം കാമുകി NTM Naughty Trall Masters കളിക്കിടയിൽ തന്നെ മൈൻഡ് പോലും ചെയ്യാതെ കാമുകൻ കൂട്ടുകാരിയെ കളിക്കുന്നത് കണ്ട
54,1,"Before marriage കഴിഞ്ഞാൽ ചേട്ടൻ എന്നെ എവിടെയൊക്കെ കൊണ്ടുപോകും?  നിനക്ക് എവിടെയൊക്കെ പോണോ അവിടെയൊക്കെ പോകാം, life enjoy ചെയ്യാം കല്യാണം 
After marriage ഇന്ന് വൈകീട്ട് free ആവോ, നമ്മുക്ക് ഒരു സിനിമയ്ക്ക് പോയാല്ലോ? നീ ഒറ്റയ്ക്ക് പോയാൽ മതി, എനിക്ക് വേറെ പണി ഉണ്ട്, അവൾടെ ഒരു സിനിമ"
166,0,പച്ച തെറി ഫാമിലി ഗ്രൂപ്പിൽ സെന്റി പോയി. തിരക്കിട്ട് delete ചെയ്തപ്പോൾ delete for everyoneന് leo_delete_for_me_cl_cl.!!!
597,1,സത്യകഥ എന്തെന്നാൽ ഈ ചേച്ചിയേം അനിയത്തി പൂറിയേം കാമം എന്ന വികാരത്തോടെ അല്ലാതെ ട്രോൾ നടിമാർ ആർക്കും നോക്കാൻ കഴിയില്ല
596,1,രാഹുൽ ഈശ്വരിനോടുള്ള അസൂയ എന്തെന്നാൽ ഇതുപോലത്തെ ഒരു - യമണ്ടൻ കുണ്ടിച്ചിയെ ഭാര്യ ആക്കിവെച്ച് എന്നും അനുഭവിക്കാനുള്ള ഭാഗ്യം ദൈവം അവന് കൊടുത്തതിൽ
703,1,ഒരുപക്ഷെ വരും കാലങ്ങളിൽ നമ്മളെ കൊണ്ട് ഏറ്റവും കൂടുതൽ വാണമടിപ്പിക്കാൻ പോകുന്നത് ചിലപ്പോ ദേ ഈ കൂ ആയിരിക്കും
172,0,"സ്കൂൾ അസംബ്ലി ഒരു അവലോകനം ഫ്രണ്ടിൽ പെട്ട്പോയവൻ തലകറക്കം അഭിനയിക്കുന്നവൻ യൂണിഫോം ഇടാത്തവൻ 
കാമുകിയുടെ അടുത്ത് നിക്കുന്നവൻ സ്ഥിരം വൈകി വന്നവൻ പുറകിൽ നിന്ന് കോപ്രായം കാണിക്കുന്നവൻ"
683,1,ജീവിതത്തിൽ കളിക്കണം എന്നാഗ്രഹിച്ച പല പെണ്ണുങ്ങളെയും നമ്മുടെ മനസ്സിലിട്ട് ഇതുപോലെ തുണി ഉരിഞ്ഞിട്ടുണ്ട് എന്നതാണ് സത്യം
85,1,"ഓണത്തിന് ഷോപിങ്ങിനു പോയ ചങ്കത്തി ചേട്ടാ അമ്പത് സേഫ്റ്റി പിൻ ശേഷം അവൾ കോളേജിൽ 
*ലെ ചങ്കത്തി ഒരു സ്പീക്കർ റ്റേ അടുത്ത് കൂടെ പോയപ്പോ"
44,1,എന്താ പേര് വിമല വി ഇനിഷ്യൽ ആണോ
244,0,"എന്നും രാവിലെ എഴുന്നേറ്റ് ഓടാൻ പോകണമെന്നൊക്കെ ഉണ്ട് പിന്നെ 11മണിക് എഴുന്നേറ്റ് എസും കെട്ടി ഓടിയാൽ നാട്ടുകാർ 
പ്രാന്ത് ആണെന്നോർക്കും. അതുകൊണ്ട് വേണ്ടെന്ന് വെക്കും"
59,1,"പരസ്പരം: ഒരു വിമാന റാഞ്ചൽ ത്രില്ലർ ! നമ്മൾ മഡഗാസ്കർ അതിർത്തിയിൽ വെച്ച്, വിമാനം ഹൈജാക്ക് ചെയ്തതായി പ്രഖ്യാപിക്കുന്നു. അതിനു ശേഷം സൂരജിനെ വെച്ച് നമ്മൾ ദീപ്തി IPS നോട് വില പേശും 
ഓക്കേ മാഡം...ഇത് കാണുന്ന *അമ്മ ..ന്റെ ദീപ..! നിന്നെ നീ തന്നെ കാത്തോണേ.  *അച്ഛൻ  *ഞാൻ"
512,0,"മഴയത്ത് ഒറ്റമുണ്ട് ഉടുത്ത് റോഡ് ക്രോസ്സ് ചെയ്യാൻ നിന്ന എന്നെ കണ്ട് ഓപ്പോസിറ്റ് ബസ്സ് സ്റ്റോപ്പിൽ നിക്കുന്ന പെൺപിള്ളേര് ചിരിക്കുന്നത് കാണുന്ന...
ഞാൻ"
776,0,"* ഡോക്ടർ
കണ്ണൻ സഹാവ്
യ്യോ.. ഒരു equipment ഉള്ളിൽ മറന്നു വച്ചു
ഇങ്ങനെ
പേടിക്കല്ലെ ഡോക്ടർ !!
ദോ.. ഇവിടെ വേഗം കുത്തി തുറന്ന് എടുത്തോ
മലയാളം
തെറ്റി വേറൊന്നും എടുക്കല്ലേ .. ഇഹ് ഇഹ്
എന്താ !!! വിറക്കുന്നുണ്ടല്ലോ !"
177,0,"കുട്ടിക്കാലത്തു ക്രിക്കറ്റ് കളിക്കുമ്പോൾ കളി കഴിയാൻ സമയത്ത് ഞാൻ പോവാണ്, എനിക്ക് ചെന്നിട്ട് റേഷൻ കടയിൽ പോവണം.... 
okk do, നാളെ കാണാം... എടാ അവന്റെ ബാറ്റിംഗ് കഴിഞ്ഞതാണ് ഫീൽഡ് ചെയ്യാതെ മുങ്ങുകയാണവൻ...!"
879,0,"കുട്ടിക്കാലത്ത് അമ്മയുമായി തല്ലുകുടി പിണങ്ങി ഇരിക്കുന്ന ഞാൻ
കുട്ടികളെ നിങ്ങൾ ഒരിക്കലും ഇതാപിതാക്കളെ വേദനിപ്പിക്കരുത്.

സോറി ശക്തിമാൻ…"
579,1,എല്ലാരുടേം അഭ്യർഥന പ്രമാണിച്ചു വെടികളായ നടികളെ പറ്റി കമ്പി പറയാനും..  പിക് അയക്കാനും വീഡിയോസ് അയക്കാനും ഒരു ഗ്രൂപ്പ് തുടങ്ങിയ വിവരം സസന്ദോഷം അറിയിക്കുന്നു
996,0,19 വർഷങ്ങൾക്ക് ശേഷവും ഗോളുകൾ അടിച്ചുകൂട്ടുന്നെന്നോ നീ അങ്ങോട്ടോന്ന് നോക്കിയേ ബോൾ 3 SCORED AT EURO 2004 QUALIFIED FOR EURO 2024
589,1,"എന്താണോ എന്തോ ഇവളുടെ മുഖത്ത് തന്നെ എഴുതിവെച്ചിട്ടുണ്ട് ""കമ്പിറാണി"" എന്ന്"
811,0,"കഴിഞ്ഞ ഒരാഴ്ചയായി ഞാൻ
മലയാളം
25
കോടി
50"
319,0,"*ഞാൻ
*കാമുകി
എന്താ... എന്താ വിളിച്ചതെന്ന്...
കേവല മർത്യ ഭാഷ കേൾക്കാത്ത ദേവ ദൂതികയാണ് നീ...
അങ്ങനെ വഴിക്ക് വാ....
ആ…"
666,1,ഇന്ന് മലയാളികളും തമിഴന്മാരും തെലുങ്കന്മാരും ഒരുമിച്ച് കുണ്ടിയിൽ അടിച്ച് ഒഴിക്കാൻ ആഗ്രഹിക്കുന്ന ഒരുത്തിയുണ്ടെങ്കിൽ അത് ഇവളാണ് ട്രോൾ നടിമാർ  മലയാളത്തിന്റെ സ്വന്തം കുണ്ടിച്ചി ജൂനിയർ നിത്യ മേനോൻ
924,0,"എല്ലാ ബോക്സ്ഓഫീസ് റെക്കോർഡും പിഴുതെറിഞ്ഞ് ലിയോ...
വേൾഡ് വൈഡ് ഇത് വരെ
145 cr+"
805,0,"ഷെയറിട്ട് ഓണം ബംപറെടുത്ത്...
ഞാൻ.

ഓണം ബംപർ റിസൾട്ട് വന്നു...
എന്നിട്ട്..??
"
17,1,"കാമുകി എടാ എന്റെ കണ്ണിൽ പൊടി വീണു ഭയങ്കര വേദന
 ആണോ മോളെ നീ ഒരു പിക് അയച്ചേ ഞാൻ ഒന്ന് നോക്കട്ടെ.....
 കണ്ടോ ഡാ പൊടി വീണ് എന്നത്."
860,0,"Manorama News TV →
8m
ഉദയനിധി സ്റ്റാലിന്റെ തല വെട്ടുന്നവർക്ക് 10 കോടി പരിതോഷികം നൽകുമെന്ന് #acharya #UdhayanidhiStalin
i
$300 Sudheesh Somarajan
/TMM
ഇതുംകേട്ട് തമിഴ്നാട്ടിലേക്ക് വെച്ച് പിടിച്ച മിത്രം"
558,1,"ഈ കൂത്തി അല്ലെ ഏതോ സിനിമയിലെ വെടികളുടെ സംഘടനയുടെ നേതാവ്? ഇവളൊക്കെ വെറും ലാത്തിരി പൂത്തിരി മുന്തിരി ചെപ്പോ കമ്പി തിരി മത്താപ്പോ.."" കേസ്  അല്ലെ"
231,0,ബന്ധുക്കൾ അറിയുമ്പോൾ എന്റെ ശമ്പളം 12LPA ആണ്   *Relatives എനിക്ക് ഇത് വിശ്വസിക്കാൻ കഴിയുന്നില്ല
394,0,"ഒരു ഓട്ടൊഗ്രാഫ് ദുരന്തം.
പഠിച്ചു പഠിച്ചു നീ ഒരു ഡോക്ടറാകുമ്പോൾ ചുമച്ചു ചുമച്ചു ഞാൻ നിന്നരികിൽ
വരുമ്പോൾ
പരിശോധിക്കാൻ മറന്നാലും പുഞ്ചിരിക്കാൻ മറക്കല്ലേ കൂട്ടുകാരാ..
നിന്റെ സ്വന്തം കൂട്ടുകാരി
GNIT & TROLL
എഴുതിയവളു പഠിച്ചു ഡോക്ടറായി ഞാൻ പത്താം ക്ലാസ്സ് തോറ്റ് വർക്കപ്പണിക്ക്"
709,1,അരങ്ങേറി ഇത്രയും ചെറിയ കാലംകൊണ്ട് തന്നെ നമ്മളെ കൂടുതൽ വാണമടിപ്പിച്ച ഒരു നടിയുണ്ടോ എന്ന ചോദ്യത്തിന് ഉത്തരമാണ് അനു ഇമ്മാനുവൽ
303,0,"അരിക്കൊമ്പൻ ദൗത്യം വീണ്ടും
നാളെ രാവിലെ 5 മണി മുതൽ കമ്പത്ത് നിന്ന് തൽസമയം
വെളുപ്പിന് 4 മണിക്ക് കാട്ടിൽ....
അരിക്കൊമ്പൻ
മനോരമ ന്യൂസ്"
679,1,അവളാ മൈക്ക് പിടിപ്പിക്കുന്ന രീതിയും ആ കാമം നിറഞ്ഞ നോട്ടവും കണ്ടാലറിയാം അവൾ വായിലെടുക്കാനും കുണ്ണ ഉഴിയാനും എക്സ്പെർട്ട്
916,0,"കേരളത്തിൽ തമിഴ് പടത്തിന്റെ വീക്കെൻഡ് റെക്കോർഡ്
ജെയ്ലർ - 25. 60 കോടി

elewa
കോടി 24.85 8.0951"
875,0,"Beta, What is GST?
Good Night Sweet Dream Take Care"
46,1,"പ്രണയത്തിലെ ആദ്യത്തെ ഒരു മാസം *കാമുകി ഹി ഹി ഹി 
കാമുകൻ  നിന്റെ ചിരി കാണാൻ എന്തൊരു കൂട്ട് ആണ്  പിന്നീട് അങ്ങോട്ട് ഘർ ഘർ ഫ് എ
*കാമുകൻ എന്തോന്നടി ഇത് ഓട്ടോറിക്ഷയോ"
747,0,"CPI(M)
ബൂർഷാ അദാനി
CPI(M)
CPI(M)
ഛി മിണ്ടാതിരിയെടാ
വ്യവസായ പ്രമുഖൻ"
208,0,"ടീച്ചർ പഠിപ്പിസ്റ്റിനോട് ചോദിക്കുന്നത് 'മീശ മാധവൻ' എന്ന സിനിമയിൽ മാധവൻ ഒരാളെ നോക്കി മീശ പിരിച്ചാൽ 
അയാൾക്ക് എന്ത് സംഭവിക്കും? A: അയാൾ മോഹാലസ്യപ്പെടും B: അയാൾക്ക് അസുഖം വരും C: അയാൾ ധനികനാവും 
D: അയാൾ കൊള്ളയടിക്കപ്പെടും നമ്മളോട് ചോദിക്കുന്നത് ""1958ൽ ഉണ്ടായിരുന്ന ഇന്ത്യൻ പ്രധാനമന്ത്രിടെ 
കുഞ്ഞമ്മേടെ മോന്റെ പേരെന്ത്?"""
588,1,ഭാര്യ ആയാലും കാമുകി ആയാലും ഫോർപ്ലേയിൽ ഏറ്റവും സുഗികുന്നത് അമ്മൾ അവളുമാരുടെ വയറ്റിലും ഇടുപ്പിലും മുതുകിലും തടവി ഉമ്മ വെക്കുകയാണ്
37,1,"""ഇതാണോ ഫെമിനിസം ഡിവോഴ്സ് പ്രോത്സാഹിപ്പിക്കുന്ന പടം. ഹിന്ദു വിരുദ്ധത, തന്റേടി നിമിഷ കൊല്ലത്തെ യുവതിയുടെ
ആത്മഹത്യ സ്ത്രീധന പീഡനമെന്ന് പരാതി; നീതി കിട്ടണമെന്ന് സഹോദരന് കൊല്ലത്തെ യുവതിയുടെ ആത്മഹത്യ:
 സ്ത്രീധന പീഡനമെന്ന് പരാതി; നീതി കിട്ടണം... ""ഇറങ്ങി പൊക്കൂടായിരുന്നോ"
896,0,"
മജിദെ, ഇജ്ജ് അന്റെ ചങ്ങായി വിഷ്ണുവിനെ ക്ഷണിച്ചായിരുന്നോ?
അയ്യോ ഇല്ല ! ഞാൻ അവനെ ഇപ്പൊ വിളിച്ചോണ്ട് വരാം...
വിളിച്ചില്ലേലും ഞാൻ ഇങ്ങോട്ട് വരും
എടാ തിരക്ക് കാരണം.
| ഈദ് മുബാറക് !
"
928,0,"രണ്ടുദിവസം കൊണ്ട് കേരളത്തിൽ നിന്ന് മാത്രം 18+ കോടി നേടി
ചുരുക്കിപറഞ്ഞാൽ ഈ വീക്കെൻഡ് കഴിയുന്നതോടെ 50 കോടി നേടും"
195,0,കണക്ക് ബോർഡിൽ ചെയ്യാൻ പറയുമ്പോൾ  ലെ നമ്മൾ കണക്ക് സാർ
659,1,എല്ലാരുടേം ക്ലാസ്സിൽ ഇങ്ങനെ ഒരു ചെറുപ്പക്കാരി ടീച്ചർ നിർബന്ധമാ നല്ല സൗന്ദര്യവും ശരീരവും കെട്ടി പൂട്ടിയ ഒരു ഐറ്റം പക്ഷെ ആ ക്ലാസ്സിലെ സകല ആണുങ്ങളും അവളുടെ സൈഡിൽകൂടെ മുല ഷേപ്പ് നോക്കുകയും ലെഗ്ഗിങ്സിൽകൂടെ തുടയുടെ കൊഴുപ് നോക്കുകയും ചെയ്യും
999,0,യുണൈറ്റഡ് ഫാൻസ്
728,1,മലയാള സിനിമ വേണ്ടപോലെ ഉപയോഗിക്കാതെ പോയ നല്ല ഒന്നാന്തരം റിയൽ കറവ പശു Anil Menon ആൻ അഗസ്റ്റിൻ
366,0,"ഇൻസ്റ്റാഗ്രാമിൽ കയറിയ
കുറച്ചു നേരം റീൽസ് കാണാം.
*ഓൺ വോയ്സിൽ പാട്ട് പാടുന്ന റിൽ സോളി
A International
ഞാൻ"
594,1,നമ്മൾ അവളുടെ വീർത്ത് പൊന്തിയ മുലകളിൽ നോക്കുന്നത് കൈയോടെ അവർ പിടിക്കുമ്പോ  ഇങ്ങനെ ഒരു നോട്ടം .അത് നിർബന്ധ ?
129,0,"രണ്ടാം ഇന്നിംഗ്സ് മലയാളം ഓസിസ് ലെഫ്റ് ഹൻഡഡ് ബാറ്റ്സ്മാൻ സ്കോർ ഉയർത്താൻ പോകുവാ.. 
ലിഡ് അടിക്കാൻ ഡ്രസിങ് റൂമിൽ പോവാന്നെ..."
307,0,"മലയാളം ട്രോൾ
മാസ്റ്റേഴ്സ് 
രാഷ് ഡ്രൈവ് ചെയ്യുമ്പോൾ എന്നെ തെറി വിളിക്കുന്ന മറ്റ് ഡ്രൈവർമാർ. 
*ഞാൻ
എൻ്റെ ഭാര്യ (നിഷ്)
എല്ലാവരും കൈ പൊക്കി കാണിക്കുന്നുണ്ടല്ലോ? ഫ്രണ്ട്സ് ആണോ?"
309,0,"കർണ്ണാടക ഇലക്ഷൻ റിസൾട്ട് കാണുന്നു..
മോദിജി
13
ചാക്ക് എടുക്കട്ടേ അമിട്ജി
അമിട്ജി *
MTM മലയാളം
മാസേഴ്സ് 
വേണ്ട.. കണ്ടെയ്നർ ലോറി വിളിക്ക്."
632,1,എന്തൊക്കെയായാലും ആരുമില്ലാത്ത സമയത്ത് ബെഡ്റൂമിലെ അങ്കിളിന്റെയും ആന്റിയുടെയും കളി ഒളിഞ്ഞുനോക്കുമ്പോൾ കിട്ടുന്ന സുഖമൊന്ന് വേറെ തന്നെയാ
71,1,ഇവൾ ഒരു ഐറ്റം ഡാൻസ് കളിച്ചാൽ പിന്നെ ആണെങ്ങൾ 2 മാസം ഫ്രി ആവില്ല എന്നതാണ് സത്യം
363,0,"
ഘാനയെ പരാജയപ്പെടുത്തി
ഉറുഗ്വേ പ്രീ ക്വാർട്ടറിൽ
ജയിച്ചിട്ടും കണ്ണീരോടെ മടക്കം
യുറുഗ്വായ് പുറത്ത്
ഫിഫ ചതിച്ചതാ...
"
383,0,"കൊണ്ടാണ ഒന്നും എനിക്ക് വിഷയമില്ല പ്ലിസ്, എന്നെ പോകാൻ അനുവദിക്ക
എനിക്ക് അടുത്തയാഴ്ച കണി ദർശനം
കൊടുക്കേണ്ടതാണേ
SCHOOL SCT
മലയാളം
വർഷത്തിൽ ഒരിലുള്ള ഉയർത്തെഴുന്നേല്പിന്"
949,0,"പോലീസുകാരൻ.
നി ഇവിടെ പാക്കിസ്ഥാന് ജയ് വിളിക്കാൻ പാടില്ല. പാക്കിസ്ഥാൻ ആരാധകൻ.
പാക്കിസ്ഥാൻ ഓസ്ട്രേലിയാ ടീമുകളിൽ എന്റെ ഇഷ്ട ടീം പാക്കിസ്ഥാനി. ഞാൻ അവർക്കല്ലാതെ ആർക്ക് ജയ് വിളിക്കണം.
Martin Joseph Koottummel
നിനക്ക് ജയ് വിളിക്കണമെന്ന് അത്ര നിർബന്ധമാണേൽ അത് ഇതാ കി ജയ് എന്ന് വിളിച്ചാൽ മതി.."
241,0,"# +2 ഡാ മോനെ, ഇന്നെന്റെ റിസൾട്ട് നി അവിവേകം ഒന്നും കാണിക്ക്. #SSLC സൂത്രശാലിയായ കറുക്കാനാണ് നീ. 
എന്റെ SSLC റിസ നമ്പർ ഫാമിലി ഗ്രൂഹിൽ ഇട്ടപ്പോ നി ഓർത്തില്ല എങ്കിലും അം MRS... ഞാനതിന് പ്രതികാരം 
ചെയ്യുമെന്ന്. അഹാ നി മ മാറ്റി. അപേക്ഷയുടെ സ്വരയുമായി വന്നിരിക്കുന്നു അല്ലേ"
878,0,ഇന്ത്യയിലെ ഏറ്റവും വലിയ മാളാണ് ലുലു അത് നന്മ  കൊച്ചിക്കാരുടെ സ്വകാര്യ അഹങ്കാരം ആണ് മച്ചാനേ !!  ടാ ചെക്കാ ... അത് 1700000 sqftൽ കെട്ടി പൊക്കിയത് നമ്മുടെ തൃശ്ശൂർക്കാരൻ ഗഡിയാടാ!!! ആ നമ്മളോടാണോ ഈ ഡയലോഗ്   ശെരിക്കും!!!  നിങ്ങളിപറയുന്ന തൃശൂരിന്റെ ശില്പിതൃശ്ശൂർ പൂരം തുടങ്ങിവച്ച ഇദ്ദേഹം ഒരു എറണാകുളംകാരനാണ് അത്രേം വരില്ലല്ലോ ഒരു മാൾ ഉണ്ടാക്കിയത്
694,1,തെലുങ്കിൽ പോയി നീ ഇത്ര കൂത്തിച്ചി ആയ വിവരം പറഞ്ഞില്ല .. ഇത് കണ്ട് ആ ഫോട്ടോഗ്രാഫിന്റെ പാന്റ് കീറി കുണ്ണ പുറത്ത് വന്ന് കാണുവല്ലോ
232,0,"പെണ്ണുകാണൽ ചടങ്ങ് കഴിഞ്ഞു എല്ലാരും പോയപ്പോൾ ബാക്കി വന്ന ബേക്കറിക്ക് വേണ്ടി വഴക്ക് കൂടുന്ന  ഞാൻ* പെങ്ങൾ* 
 ചെക്കൻ * മറന്നു വെച്ച മൊബൈൽ എടുക്കാൻ വന്നപ്പോൾ ഞങ്ങളുടെ വഴക്ക് കണ്ട"
645,1,ഓഫീസിൽ ഡി.ജി.പിയുമായി സംസാരിച്ചു കൊണ്ടിരിക്കുന്നതിനു ഇടയിൽ അയാളുടെ പാന്റിൽ അണ്ടി മുഴച്ച് നിക്കുന്നത് കണ്ട്  നോക്കിയപ്പോൾ അയാൾ അവളുടെ കുർത്ത മുലയിലും നോക്കുന്നു ( അവിലെ തന്നെ തൽ ഇന്നും ഞാൻ കുട്ടനെ  പിടിച്ചു മാറത്ത് വെച്ച് (അത് പയ്യെ ഞെക്ക് സാദം ഇന്നലെ സൂരജേട്ടൻ ചപ്പി കുടിച്ചത് ) ബ്ലൌസ് ഊരി മുല ഞെരിച്ചുകൊണ അവളുടെ തുട അയാൾ തടവി അവളുടെ ജട്ടിക്കുള്ളിൽ കൈ കയറ്റി അയാൾ നിർത്താതെ പൂറിലടിച്ചു വിരലിട്ടു ഇളക്കാൻ തുടങ്ങി മുല ഞെട്ട് വായിലാക്കികൊണ്ട അയാൾ നിർത്താതെ പൂറിലടിച്ചു വെള്ളം ചീറ്റിച്ചു
542,1,"വിവാഹച്ചടങ്ങുകൾക്ക് നേതൃത്വം നൽകാനെത്തിയ പൂജാരിക്കൊപ്പം വധു ഒളിച്ചോടി.
ഒറ്റ മുണ്ട് ഉടുത്തു നിൽക്കുന്ന പൂജാരിയെ കണ്ട ശേഷം നവ വധു"
442,1,"കനത്തമഴയിൽ വീട്ടിൽ വെള്ളം കയറുമോ എന്ന് ആലോചിച്ച് ഇരിക്കുന്ന 
ഭർത്താവിന്റെ അടുത്ത് റൊമാൻസും കൊണ്ട് പോയ ഭാര്യ"
712,1,ചാന്ദിനി എന്നാ കാമ കുതിരയെ ഏറ്റവും നന്നായി ഇപ്പൊ ഉപയോഗിച്ച് കൊണ്ടിരിക്കുന്നത് കന്നഡ കാരാണ്
550,1,നമ്മളിൽ പലരും ഒരിക്കൽ എങ്കിലും ആന്റി സാരി മാറ്റി ഡ്രസ്സ് ഊരുമ്പോൾ കതകും തുറന്ന് ചെന്ന് കയറിയവരാണ് നമ്മുടെ മുന്നിൽ ജെട്ടിയിൽ മാത്രം അഴിച്ച് സാരി കൊണ്ട് മാറുമർച്ച് നിക്കുന്ന ആന്റിയും
705,1,കരിംപൂരി എന്ന വാക്കിനോട് 100 ശതമാനം നീതി പുലർത്തിയ ഒരുത്തി ഉണ്ടെങ്കിൽ  അത് ഐശ്വര്യ രാജേഷാണ്
972,0,നെയ്മർക്ക് വീണ്ടും പരിക്ക്; തിരിച്ചടി ഇന്ത്യൻ ആരാധകർക്ക്  പുതുമയൊന്നും തോന്നിയില്ല. എല്ലാം predictable ആയിരുന്നു.
458,1,"20 വയസ്സ് കഴിഞ്ഞ ഒരു പെൺകുട്ടിയുടെ അവസ്ഥ 
ജോലി വാങ്ങിയില്ലെങ്കിൽ ഇപ്പൊ തന്നെ കെട്ടിച്ചു വിടും ജോലി വാങ്ങിയാൽ അപ്പൊ കെട്ടിച്ചു വിടും എന്ന് പറയുന്നു"
88,1,"അച്ഛന്റേം അമ്മേടേം കൂടി പെങ്ങൾ കല്യാണത്തിന് പോയാൽ ബന്ധത്തിലെ 
*ആന്റി ഇവളെ ഇപ്പഴേ കൊടുക്കുന്നുണ്ടോ..."
125,0,"കണക്കിന് 4 മാർക്ക് കിട്ടിയ ഉഴപ്പൻ കാമുകൻ രണ്ടര മാർക്ക് കിട്ടിയ ഉഴപ്പി കാമുകി പഠിക്കാനൊക്കെ തുടങ്ങിയോ ? 
നമ്മുടെ കല്ല്യാണം ആകുമ്പോഴേക്ക് ഒരു ജോലിയൊക്കെ വേണ്ടേ?"
651,1,ഇതുപോലൊരു ആറ്റൻ വെടിയെ കെട്ടി വിഷ്ണു മോഹൻ കാണിച്ചി ഹീറോയിസം ഒന്നും മലയാളത്തിലെ വേറൊരുത്തനും കാണിച്ചിട്ടില്ല
578,1,"ആദ്യമായി അങ്ങി വായിലെടുക്കുമ്പോൾ പാൽ അവളെ കൊണ്ട് കുടിപ്പിക്കുമ്പോള്‍ രണ്ടാമത്തെ തവണ എടുക്കുമ്പോൾ
മൂന്നാമത്തെ തവണ"
233,0,"പെങ്ങളുമായി അടി ഉണ്ടാക്കിക്കഴിഞ്ഞിട്ട് അച്ഛൻ വീട്ടിലെത്തിയപ്പോൾ പെങ്ങൾ അച്ഛാ..ഇവൻ എന്നെ തല്ലിക്കൊന്ന.. 
ഞാൻ അച്ഛൻ ഏഹ്..എടി ദ്രോഹി... സത്യമായിട്ടും ഇവൾ അഭിനയിക്കുകയാണച്ഛാ.. ഓന്ത് മുഴുവൻ കിട്ടീത് എനിക്കാണ്"
308,0,"ബാംഗ്ലൂരിന് തോൽവി മുംബൈ പ്ലേഓഫിൽ
കോലിയുടെ സെഞ്ചുറി പാഴായി
ഗില്ലിന്റെ സെഞ്ചുറിയിൽ ഗുജറാത്തിന് 6 വിക്കറ്റ് വിജയം
MTM മലയാളം മാസ്റ്റേഴ്സ് അല്ലെങ്കിലും ഈ തല്ലിപ്പൊളി കപ്പ് ഞങ്ങക്ക് വേണ്ടേ വേണ്ട..."
465,1,"പരസ്പരം എല്ലാം കണ്ടിട്ടുള്ളത് ആണെങ്കിലും .. ഡ്രസ്സ് മാറുന്ന സമയം ഞാൻ കേറിചെന്നാൽ ഭാര . 
റൂമിൽ നിന്ന് ഇറങ്ങി പോ ചേട്ടാ. ഞാൻ ഡ്രസ്സ് മാറുന്നത് കണ്ടില്ലേ  *ഞാൻ വാവേ.. ???"
577,1,കൺഫ്യൂഷൻ എന്തെന്നാൽ ഒരു രാത്രി ഈ പൂറിയെ കിട്ടിയാൽ  എത്ര തവണ കളിച്ചാൽ ഇവളുടെ കഴപ്പ് മാറുമെന്നുള്ളത്
289,0,"മുറപ്പെണ്ണുമായി ഒന്ന് ബൈക്കിൽ പാർക്കിൽ കറങ്ങാൻ പോകുമ്പോൾ
വല്ല്യമ്മാവൻ (80 കളിലെ വസന്തം)
കഴിഞ്ഞിട്ട് അരുത് കുട്ടിയെ അതെല്ലാം കല്യാണം"
415,1,സ്പോർട്സിനു എന്നെ വിളിക്കാൻ വന്ന ചങ്കത്തി എടി ഗ്രൗണ്ടിലേക്ക് വാ റിലേ തുടങ്ങി എനിക്ക് വയ്യ നീ പൊക്കോ  ഇവിടെ പുഷ്അപ് ചെയ്യാണെന്ന് അറിഞ്ഞില്ല സോറി
369,0,"Whatsapp അമ്മാവന്മാരുടെ ഈ ആഴ്ചയിലെ മെയിൻ ഐറ്റം
ഗുളിക ഒളിപ്പിച്ച ചൈനീസ് കേക്ക് #
മലപ്പുറം
"
411,1,"പഠിക്കുന്നതിനിടയിൽ വല്ലതും തിന്നാമെന്ന് കരുതി ഹോസ്റ്റലിലെ സ്റ്റഡി ഹോളിൽ നിന്ന് 
റൂമിലെത്തിയപ്പോൾ, റൂം മേറ്റ് പൂച്ചയ്ക്ക് കാരറ്റ് കൊടുക്കുന്നത് കണ്ട *ഞാൻ "
717,1,അയലത്തെ വീട്ടിലെ ചേച്ചി ട്രോൾ നടിമാർ ഭർത്താവ് കൂടെ ഉള്ളപ്പോ നമ്മുടെ കൂടെ ഒറ്റക് ഉള്ളപ്പോ
120,0,"ഈ വേൾഡ് കപ്പിൽ അർജന്റീനയോട് തോറ്റ ബാക്കി ടീമുകൾ  *Saudi Australia + Mexico ICU *Croatia Poland Netherlands* എന്നാലും 
നിങ്ങളെ കൊണ്ട് എങ്ങനെ പറ്റിയടാ അവന്മാരെ തോൽപിക്കാൻ..!!"
132,0,"ആഡംബര ഹോട്ടലിന്റെ മൂന്ന് നിലകൾ പൂർണമായി വിട്ടു നൽകണം ഇന്ത്യയിൽ പാടണമെങ്കിൽ 
ബീബർക്ക് വേണം മലയാളി തിരുമ്മുകാരിയും സ്വകാര്യ ജെറ്റും 
വെളിക്കിരിക്കാൻ ഒരു സ്വർണ്ണ കക്കൂസ് കൂടി ആയാൽ കുഴപ്പമുണ്ടോ ??"
235,0,"ഈ country എന്നു പറഞ്ഞാൽ എന്താ ? രാജ്യം. അപ്പോൾ കേരളം ഒരു രാജ്യമാണോ?  അല്ല
പിന്നെന്തിനാ കേരളത്തെ ellavarum God's own country പറയുന്നത്.
God's own state അല്ലേ"
126,0,"അമ്മയെടുത്ത വായ്പ തിരിച്ചടച്ച് എട്ടുവയസുകാരൻ; കോടതി ഒന്നടങ്കം കണ്ണീരണി  
ഇതൊക്കെക്കാണുമ്പഴാണ് കോടികൾ കടമെടുത്ത് ധൂർത്തടിച്ച് തിരിച്ചടക്കാതെ ഒളിച്ചോടിയവനെയൊക്കെ എടുത്ത് കിണറ്റിലിടാൻ തോന്നുന്നത്..!!"
144,0,"സിനിമയിൽ കൊക്കയിൽ വീണാൽ  ഡാ കൈ വിടല്ലേ..കേറി വാടാ 
ഡാനി രക്ഷപെട്ടോ..ഞാൻ എന്തായാലും മരിക്കും, എന്നെ വിട്ടേക്കെടാ 
യഥാർത്ഥത്തിൽ കൊക്കയിൽ വീണാൽ  കൈയിൽ നിന്നു വിടെടാ പുല്ലേ,,എന്നെ കൂടെ കൊല്ലുവോ നീ.. എന്നെ പിടിച്ചു കേറ്റിയില്ലെങ്കിൽ നിന്നേം വലിച്ചു താഴെ ഇടും ഞാൻ"
979,0,വന്നു വന്നു നീയൊക്കെ വൻ പരാജയം ആയി മാറിക്കൊണ്ട് ഇരിക്കുവാണല്ലോടെ TMM ഞാൻ എന്നാ അടുത്ത കളി മറ്റേത് ഇട്ട് ഇറങ്ങട്ടെ അണ്ണൻ പിന്നെ 10 മിനിറ്റ് കഴിഞ്ഞ് പോകുന്നത് കൊണ്ട് കുഴപ്പം ഇല്ല Fly Emirates സന്റിയാഗോ ബെർണബ്യൂവിന്റെ പ്രിയ പുത്രൻ.. Face of Laliga
827,0,"asianet news
12.09.2023
ലാവലിൻ കേസ്
ഇനി ഒക്ടോബർ 10ന് പരിഗണിക്കും
58
മലയാളം
എന്തിന്?"
444,1,"ഭക്ഷണം കഴിച്ചുകൊണ്ടിരിക്കുമ്പോൾ പെങ്ങളുടെ പങ്കിൽ നിന്ന് മീനോ ഇറച്ചിയോ എടുത്താൽ സിനിമകളിലും,കഥകളിലും 
""പെങ്ങൾ  എന്തൊരു കൊതിയനാ എന്റെ വീട്ടിൽ ഞാൻ *പെങ്ങൾ 2 വെയ്യെടാ പന്നീ ഇവിടെ...."
406,0,"ഒറ്റപ്പെടലും ഡിപ്രെഷനും ആരുടെയും സഹായം ഇല്ലാതെ അതിജീവിച്ചുകഴിഞ്ഞാൽ....
* പിന്നീട് ജീവിതത്തിൽ വരുന്ന പ്രശ്നങ്ങൾ
@കാഞ്ഞിരപ്പള്ളി പാപ്പൻ
"
541,1,"വവ്വാൽ കടിച്ചതും, അണ്ണാൻ ചപ്പിയതുമായ പഴങ്ങൾ കഴിക്കാതിരിക്കുക.!! ശുദ്ധ വെള്ളത്തിൽ ക കാലുകൾ കഴുകി സംരക്ഷിക്കുക"
854,0,"വിദ്യാർത്ഥികൾ
പ്രധാനാധ്യാപകർ.
വിദ്യാഭ്യാസ മന്ത്രി.
കുട്ടികൾക്ക് ഊണ് ഇത്രം പോരാ..അപ്പോൾ ഇതിന്റെ "" ചിലവ്.?? Martin 
പാലും മുട്ടയും കൊടുക്കണം...
Telsamx
ചിലതൊന്നും വേണ്ട. ഇതെന്റെയൊരു ഔദാര്യമായി കരുതിയാൽ മതി.

"
414,1,രാത്രി പൂവിലിടാൻ വേണ്ടി എടുത്തുവെച്ച കുക്കുമ്പർ പുതിയതായി വന്ന റൂംമേറ്റ് എടുത്ത് അരിഞ്ഞു കണ്ണിൽ വെച്ചത് കണ്ട സീനിയർ റൂംമേറ്റ് * ഇതിനു നീ പ്രത്യുപകാരം ചെയ്യേണ്ടി വരും
358,0,"ചാറ്റ് ചെയ്യാൻ ആരും വരാത്തത് കൊണ്ട് വല്ലാത്ത വിഷമം

എങ്കിൽ നി ആർക്കെങ്കിലും ഒരു ഹായ്

അത് വേണ്ട,പിന്നെ അവര് ചോതിക്കുന്നെന്നൊക്കെ reply കൊടുക്കേണ്ടി വരും"
537,1,പണ്ട് മുത്തുച്ചിപ്പി വാങ്ങിയാൽ ഇത്രേ കണ്ടുള്ളൂ എന്റെ സാധനം ബെട്ടിയിട്ട് ബായത്തണ്ടുപോലെ കിടക്കുന്നു
285,0,"മമ്മൂട്ടിയും ദുൽഖറും

ദുൽഖറിന്റെ മകളുടെ കല്യാണ ചടങ്ങിൽ നിന്നും"
72,1,"ഈ ചിത്രത്തിൽ നാച്ചുറൽ ആയതിനെയും പാഡ് വച്ച് പൊക്കി നിർത്തിയതിനെയും തിരിച്ചറിയാൻ സാധിക്കുന്നുണ്ടെങ്കിൽ 
നിങ്ങൾ ഒരു മികച്ച നിരീക്ഷകനാണ്"
476,1,"തേക്കാൻ അറിയാമോ..? ങ്ങേ..!!
അല്ല..കല്യാണം കഴിഞ്ഞ് ഡ്രസ്സ് ഒക്കെ തേക്കാൻ.. ആ... അതറിയാം"
74,1,മലയാള സിനിമയിലെ മേനോത്തികൾ അഥവാ മുലച്ചികൾ
802,0,"* ഹാരിസ് റൗഫ്

തീയുണ്ട ഇപ്പൊ കാണിച്ചു തരാട്ടോ
"
333,0,"വിടിന് ചുറ്റും 4 - 5 മഹാഗണി ഉള്ള വീട്ടിലെ അവസ്ഥ
ഇല പൊഴിയുന്നു. തൂക്കുന്നു. കത്തിക്കുന്നു റിപീറ്റ്
മലയാളം മാസ്റ്റേഴ്സ്
ഇല പൊഴിയുന്നു, തൂക്കുന്നു, കത്തിക്കുന്നു റിപീറ്റ്..
* അച്ഛൻ
നടുവ് വേദന താങ്ക മുടിയലെ തലൈവരേ.."
145,0,"കോളേജിലെ ലാസ്റ്റ് ഡേ ക്യാന്റീനിൽ കയറിയ ഫൈനൽ ഇയർ ചങ്ക് ക്വാന്റിൻ ചേച്ചി  പറ്റൊക്കെ 
ഒരുപാടായിക്കാണും അല്ലെ ചേച്ചി? . ഉവ്വ് ഞാനിപ്പൊ കണക്ക് കൂട്ടി പറയാം മോനെ
 അതല്ല! പറ്റ് ഞാൻ സപ്ലിയെഴുതാൻ വരുമ്പോൾ അടച്ചാൽ കുഴപ്പൊണ്ടോ?  പ്ഭാ...!!!"
272,0,"നെയ്യപ്പത്തിൽ നെയ്യ് ഇല്ല .

പിന്നെന്തിനാ, യന്തിനാ parents മീറ്റിംഗിൽ PARENTS ഉണ്ടാവണം ?.."
817,0,"ജനങ്ങൾ സംഭാവന നൽകിയ ഫണ്ട് ഉപയോഗിച്ച് നിർമിച്ച
ബസ് കാത്തുനിൽപ്പ് കേന്ദ്രം ചിലവായ തുക 1,22,700/
പ്രമുഖ MLA ഫണ്ട് ഉപയോഗിച്ച് നിർമിച്ച ആഡംബര കാത്തിരിപ്പ് കേന്ദ്രങ്ങൾ"
846,0,"asianet news
08:28-2023 0.32 AM
ബി ജെ പി വോട്ടുകൾ കോൺഗ്രസിലേക്ക് പോയി
ഇപി ജയരാജൻ
asianet news 28.05.2023 8.23 AM
“ബി ജെ പി വോട്ടുകൾ കോൺഗ്രസിലേക്ക് പോയി
ഇപി ജയരാജൻ
00000 asianetnews.com
പുത്തൻ പുതുപ്പള്ളി
00000 asianetnews.com
പുത്തൻ പുതുപ്പള്ളി
BJP വോട്ടുകൾ UDF ലേക്ക് പോയില്ലായിരുന്നെങ്കിൽ ജെയ്ക് വിജയിച്ചേനെ
ഈ ഒരൊറ്റ ക്യാൾ കൊണ്ട് എത്രകാലം ഫീൽഡിൽ പിടിച്ചു mirotango...?!
fTMM
FOLLOW US
. മാറ്റിപിടി മാറ്റിപ്പിടി"
779,0,"
മോട്ടോർ വാഹനവകുപ്പ് ജീവനക്കാർക്കെതിരെ അസഭ്യ പ്രസം ഗവുമായി എംഎം മണി; പ്രസംഗത്തിലുടനീളം സ്ത്രീവിരുദ്ധവും പ്രകോപനപരവുമായ പരാമർശങ്ങൾ 

മണിയാശാൻ സ്ത്രീ വിരുദ്ധത പറഞ്ഞു.. കേസ് എടുക്കുന്നില്ലേ
* വനിതാ കമ്മിഷൻ
നാടൻഭാഷയാടോ ..
നാടൻ ഭാഷക്ക് ഇളവുണ്ട്"
428,1,*ചങ്കത്തി ഞാൻ കാമുകിയെ കോളേജിന്റെ പുറകിൽ വെച്ച് കളിക്കുന്നത് ഒളിഞ്ഞു നോക്കുന്നം.
734,1,ഒരുപാട് നാളുകൾക്ക് ശേഷം ആലില വയറൊക്കെ കാണിച്ചുള്ള പിക്കുമായി പഴയതിലും ഹോട്ട് ഷേപ്പ് ആയിട്ട് ഹണി തിരിച്ചു വന്നിട്ടുണ്ട്
423,1,#അമ്മ എന്തിനാടി നിന്നു മോങ്ങുന്നെ #ഞാൻ ഇച്ചിരികളർ കിട്ടാൻ പായസത്തിൽ സാമ്പാറ് പൊടി ചേർത്ത് ഇളക്കി നശിപ്പിക്കാൻ ആയിട്ട് ഉണ്ടായത്.
142,0,"പാപോസ് ചെയ്യുമ്പോൾ നമ്മൾ പ്രതീക്ഷിക്കുന്നത് *കാമുകൻ  *കാമുകി
പക്ഷേ സംഭവിക്കുന്നത്"
642,1,The Great Father salm cu നമ്മൾ ഏറ്റവും കൂടുതൽ വാണം വിട്ടത് ഇവളെ കണ്ടിട്ടായിരിക്കും
159,0,"നമ്മുടെ അച്ഛനും അമ്മയും*  മക്കളെ പഠിപ്പിക്കണം..അവർക്ക് നല്ല ജോലി കിട്ടണം..കല്യാണം കഴിപ്പിക്കണം * കോൾഗേറ്റ് 
പരസ്യത്തിലെ അച്ഛനും അമ്മയും എനിക്ക് ക്യാവിറ്റീസിന്റെ ടെൻഷനാ എപ്പോഴും.."
448,1,"കാണാൻ ഭംഗിയില്ല കൈയിൽ പത്തിന്റെ ഹൈസം ഇല്ല പ്രേമിച്ചു നടക്കാൻ പുറത്തിറങ്ങാൻ സ്വാതന്ത്ര്യവും
ഇല്ല ആകെയുള്ളതൊരു ഫോണാ. അതേടുത്താ പിന്നെ വിട്ടിൽ വഴക്കാം ഇതാണ് 
എന്റെ അവസ്ഥ എന്താല്ലേ ?"
745,0,"155 റൺസ് വരെ പാകിസ്ഥാൻ

അതുകഴിഞ്ഞിട്ട്"
842,0,"
പുതുപ്പള്ളി ഷോക്ക് ടിറ്റ്മെന്റ് കൊടുത്ത

KSEBALL STATE ELECTRICITY BOARD LE
ആഘോഷങ്ങളൊക്കെ കഴിഞ്ഞില്ലേ..?
manoramanews.com
ജനത്തെ 'ഷോക്കടിപ്പിക്കാൻ സർക്കാർ; വൈദ്യുതി നിരക്ക് വർധന അടുത്തയാഴ്ച
TMM
ചെറുതായി ഒന്നു കൂട്ടിയിട്ടുണ്ട്. ഇനി പോയി ആഘോഴിച്ചോ.."
992,0,52 59 71 54 50 35 62  68 45 *ഫുട്ബോൾ ഫാൻസ് ഈ രാജ്യത്തിന്റെയൊക്ക All Time Top Scorers-നെക്കാൾ കൂടുതൽ ഗോളുകൾ റൊണാൾഡോ തന്റെ 30-മത്തെ വയസ്സിന് ശേഷം മാത്രം നേടിയിട്ടുണ്ട്...
807,0,"
ഞാൻ തുടങ്ങാം
asianet news
ഇല്ല ഇല്ലാ
asiane ഞാൻ തുടങ്ങാം
അതെങ്ങനെയാ kpcG പ്രസിഡന്റ് ഞാനാ
മീൻവയിൽ
TH
മനോരമ
V-GUARD GAS STOVES
കെപിസിസി പ്രെസിഡന്റും, പ്രതിപക്ഷ നേതാവുമൊത്തുള്ള നർനിമിഷങ്ങൾ
വൈറൽ ആവുന്നു"
460,1,വിവാഹത്തിന്റ ആദ്യ നാളുകളിൽ ഇച്ചിരൂടെ മുറുകെ പിടിച്ചോടാ കുറച്ചു വർഷങ്ങൾ കഴിഞ്ഞ് എവിടെ പോയാലും കൂടെ ഇറങ്ങിക്കോളും
726,1,Onlineക്ലാസ്എടുക്കുന്ന വിദ്യമിസ്സ്  Student
995,0,ഈ വർഷം ഒക്ടോബർ വരെയുള്ള Most Goal scorer elm am... നീ മൂന്നാമത് അപ്പൊ ട്ര ?
780,0,"
ചോദ്യം ചെയ്യലിനിടെ എം കെ കണ്ണന് ദേഹാസ്വാസ്ഥ്യം; ഇന്നത്തെ ചോദ്യംചെയ്യൽ ഇ ഡി അവസാനിപ്പിച്ചു

അടിയന്തരാവസ്ഥ കാലത്തു ജയിലിൽ കിടന്നിട്ടുണ്ട്... ED യെ പേടിയില്ല എന്ന് പറഞ്ഞു പോയ ആളാ...
shaa nu
*
memes
ED ചോദ്യം ചെയ്യൽ തുടങ്ങിയതും
ബോധം പോയ്"
388,0,"ഏത് സമയവും ഫോണിൽ കുത്തികൊണ്ടിരിക്കുന്നത് കണ്ടിട്ട് അമ്മ .. ലോക്ക്ഡൗൺ കഴിയുമ്പോൾ ഏതെങ്കിലും പെൺപിള്ളേർ പെട്ടിയും കിടക്കയുമായിട്ട് ഇങ്ങോട്ട് കേറി വരുമോടേയ് എന്ന് ചോദിക്കുന്നത് കേട്ട
21 വർഷം കിണഞ്ഞുപരിശ്രമിച്ചിട്ടു പോലും ഒരു ലൈൻ സൈറ്റ് ആക്കാൻ പറ്റാത്ത ഞാൻ"
568,1,കുണ്ണപാൽ ഒരു തുള്ളി കളയാതെ വായിലെടുക്കുന്നു വായിൽ വെച്ചു അതിന്റെ രുചി അനുഭവിക്കുന്നു എന്നിട്ട് വാ ചെറുതായി തുറന്ന് നാക്കിൽ വെച്ചേക്കുന്ന പാൽ നമ്മളെ കാണിക്കുന്നു അത് കുടിച്ചിറക്കിയിട്ട് നമ്മളെ നോക്കി കാമത്തോടുള്ള ഒരു ചിരിയും
264,0,"ഒരു സ്റ്റാഫ് റൂം അവലോകനം
പഠിപ്പി ലീഡർ ക
ടീച്ചർ
*
മലയാളം
മാസ്റ്റേഴ്സ് നമ്മൾ
ഈ പിരിയഡ് ആളില്ല PT ക്ക് പോയ്യോട്ടേ.?
ആ പോയോ വേഗം കയറണം"
718,1,ഇപ്പോഴത്തെ മലയാള നടിമാർക്ക് പോലുമില്ല ഇത്ര ഷേയ്പ്
983,0,നീയൊക്കെ എന്തോന്ന് വിചാരിച്ചു ആ പരിക്കിന് ശേഷം ഞാനങ്ങ് ഫോമാട്ടായന്നോ എന്നാ നിനക്കൊക്കെ തെറ്റി ചെറിയ രീതിക്ക് പരിക്ക് മാറിയാൽ നിന്റെയൊക്കെ ടീമിനെ വെടിപ്പായി തീർത്തിരിക്കും ഞാൻ
392,0,"
ഞാൻ
മറക്കാം. ഞാൻ അൺഫ്രണ്ട് ചെയ്ത് പോകാം.. പക്ഷെ കഴിഞ്ഞ ജന്മത്തിൽ എന്നോ കണ്ട് കൊതി തീരാത്ത ഒരു മുഖമുണ്ട് മനസ്സഅത് മറക്കാൻ പറയരുത്... ഇനി ഒരു ശല്യമാകില്ല .. റിപ്ലൈ തന്നില്ലെങ്കിലും ആ മനസ്സ് എനിക്കറിയാം
അര മണിക്കൂർ മുന്നേ ഫേസ്ബുക്കിൽ ഫ്രണ്ടായ പെൺകുട്ടി SAIN"
278,0,"രാത്രി വെള്ളമടിച്ച് ഭാര്യയോട്

രാവിലെ കെട്ടിറങ്ങിയാൽ"
359,0,"വേൾഡ് കപ്പ് കാണുന്നതിന് ഇടയ്ക്ക് ISL വെച്ചപ്പോൾ, ഒരാഴ്ചയായി വേൾഡ് കപ്പ് കാണുന്ന..
ആ ബെസ്റ്റ്."
249,0,"ഉച്ചക്ക് Ist പീരിയഡ് ക്ലാസ്സെടുക്കുന്ന കണക്ക് സർ അപ്പൊ ഇതാണ് നമുടെ Equation Number "" | ""  * ഉറക്കത്തിൽ നിന്ന് എണീറ്റവൻ 
Roll Number 2 5 absent 6... *കണക്ക് സർ  ശെടാ....!!!"
290,0,"ചേട്ടാ valentine's day card ഉണ്ടോ??
ഉണ്ടല്ലോ!!!!!
U R my 1'st & would be last Love... m എഴുതിയത് വേണം .... അതുണ്ടോ??
ഉണ്ടല്ലോ!!! അപ്പോൾ 1st love ആ അല്ലെ....
ചേട്ടാ അത് ഒരു 5 എണ്ണം എടുത്തോ"
148,0,അടുത്തവീട്ടിലെ ചേച്ചിയോട് സംസാരിച്ചു നിൽക്കുന്ന അമ്മ കുറച്ചു സമയം കഴിഞ്ഞ് # ഞാൻ അടുപ്പത്ത് എന്തോ…
114,1,"പ്രളയവും കൊറോണായും കാരണം 2, 3 വർഷങ്ങലായി ഓണത്തിന് അന്വംനിന്നുപോയ ഒരു കലാരൂപം"
348,0,"
എടാ ഉണ്ണി. ആശാൻ നിന്നെ ചുരുളി 2വിലേക്ക് എടുത്ത്...
*LJP
"
404,0,"വണ്ടിയൊടിച്ച് പോകുന്ന സമയത്ത് പരിചയമുള്ളവരെ കണ്ടാൽ നടുറോടെന്ന് പോലും ആലോചിക്കാതെ
ചിലർ"
327,0,"30 വർഷം ഗൾഫിൽ പണിയെടുത്ത് അയച്ചു കൊടുത്ത കാശുകൊണ്ട് പണിത വീടിന് ഗിഫ്റ്റ് ഓഫ് ഗോഡ് എന്ന ബോർഡ് വെച്ച കണ്ട
പ്രവാസി
"
483,1,"*നവവധുവായ ഞാൻ അതെ ചേച്ചി കുറച്ചു എണ്ണതരുമോ  
എന്തുപറ്റി മോളെ നല്ല മുറുക്കം ആയിരുന്നോ ഇന്നലെ ഏയ്... അതൊക്കെ പണ്ടേ ലൂസക്കി ഇത് പപ്പടം കാച്ചാൻ ആണ് ചേച്ചി"
881,0,"Akbar Vahab
""വീരുവിന് മുന്നിൽ വിറക്കാത്ത ബൗളറും ദ്രാവിഡിന് മുന്നിൽ വിയർക്കാത്ത ബൗളറും"" ആ കാലഘട്ടത്തിൽ ഉണ്ടാവുകയില്ല...."
371,0,"രാത്രി മൊത്തം മൊബൈലിൽ ഗെയിം കളിച്ചിട്ട് നട്ടുച്ചയ്ക്ക് എണീറ്റു വന്നിട്ട് ഈ നശിച്ച പട്ടി കാരണം രാത്രി ഒരു പോള കണ്ണടയ്ക്കാൻ പറ്റിയില്ല എന്ന് ഞാൻ പറയുന്നത് കേട്ട
# എന്റെ വിട്ടിലെ പട്ടി
"
287,0,"വീട്ടിൽ നിന്നും തീപ്പെട്ടി കാണാതെ
പോകുന്നു എന്ന് അമ്മ പറഞ്ഞപ്പോൾ
അനിയൻ #
"
93,1,"രാവിലെ എണീറ്റ് വരുമ്പോൾ മകന്റെ കമ്പിയായ സാധനം കണ്ട അമ്മ
അത് ഓർത്ത് റൂമിൽ പോയ് വിരൽ ഇടുന്ന അമ്മ"
823,0,"
മരത്തിൽ ഇലകൾ പോലെ തൂങ്ങിയാടുന്ന വവ്വാലുകൾ, കോഴിക്കോട് കുറ്റ്യടിയിൽ നിന്നുള്ള ദൃശ്യങ്ങള്

*മീഡിയ ഫൺ

ബാക്കി സ്ഥലങ്ങൾ ൽ വവ്വാലുകൾ ഓയോ റൂം എടുത്തു താമസിക്കുമായിരിക്കും..!"
407,0,"വീട്ടിൽ ഈച്ചശല്യം ഉണ്ടെന്ന് പറഞ്ഞപ്പോൾ, കാർപോർച്ചിൽ കിടന്ന കാറിന്റെ ഡോർ തുറന്ന് അഞ്ചാറ് ലഡു വെച്ച് ഈച്ചകളെ കാറിനുള്ളിൽ കയറ്റി അടുത്ത ജങ്ഷനിൽ കൊണ്ടോയി തുറന്നു വിട്ടിട്ടു വരുന്ന മകനെ കാണുന്ന"
585,1,എന്തൊക്കെ പറഞ്ഞാലും സാരിയുടുത്ത് വരുന്ന പെണ്ണ് കുനിയുമ്പോൾ കിട്ടുന്ന സൈഡ് വ്യൂവിന്റെ സുഖമൊന്ന് അവരെ തന്നെയാ
985,0,"ലോകകപ്പ് യോഗ്യത ബ്രസീലിനെ തകർത്തെറിഞ്ഞ് ഉറുഗ്വേ VS ബോൾ അത് പിന്നെ, ഇത് AZ ടീം ആയതുകൊണ്ടാണ്"
515,0,"വീട്ടിലെ ഷൂസായ ബൾബ് അച്ഛൻ മാറ്റിയിടുന്നത്
നോക്കിക്കാണുന്ന
ഞാൻ 22 (ഏത്തൻ)
"
50,1,"രാത്രി ഉറക്കത്തിൽ കിടന്ന് ചുമക്കുമ്പോൾ  # പരസ്യത്തിലെ മമ്മി 
# എന്റെ അമ്മ  കിടന്ന് കുരക്കാതെ കെടന്നുറങ്ങടാ.. നാളെ നീ മുടി വെട്ടിയിട്ടു വീട്ടിൽ കയറിയാൽ മതി"
495,1,ബ്ലൗസും പാവാടയുമുടുത്തുള്ള സിൻ കാണുമ്പോൾ
516,0,"റീൽസിൽ ഒന്ന് വൈറൽ ആവാൻ മരണ അഭിനയം കാഴ്ച വെക്കുന്ന
വീഡിയോ ഷൂട്ട് ചെയ്യുന്ന
ഞാൻ
"
868,0,"*
പള്ളിയിൽ അല്ല പാർട്ടി ഓഫീസിൽ കല്യാണം
ഇലക്ഷന് സ്ഥാനാർത്ഥി ആയാൽ
ഒരുരാ ഹാരം അദ് ഒരെണ്ണം ഇങ്ങോട്ടു"
605,1,കബാലി കണ്ടപ്പോ തൊട്ട് കൊടുക്കാൻ തുടങ്ങിയതാണ് ഇവൾക്ക്  ഇത്രയും കൊഴുപ്പും ഷേപ്പും ഒത്തുചേർന്ന ഒരു ചിമിറ്റൻ ഐറ്റം
36,1,"#Male chauvinists വിസ്മയയുടെ ഗതി ഇനി ഒരു പെൺകുട്ടിക്കും വരരുത്. ഗാർഹിക പീഡനങ്ങൾ നേരിട്ടാൽ പെൺകുട്ടികൾക്ക് 
പ്രതികരിക്കാനുള്ള ധൈര്യം ഉണ്ടാവണം.
സോഷ്യൽ മീഡിയയിൽ സ്വന്തം നിലപാടുകൾ വ്യക്തമാക്കുന്ന സ്ത്രികളെ പ്രതികരണ ശേഷിയുള്ള നിങ്ങൾ എന്താ വിളിക്കുന്നത്..? ആ.. അതാണ്."
911,0,"കണക്ക് സാറ് PT പിരിഡ് ക്ലാസെടുക്കാൻ ശ്രമിക്കുന്നു
പെട്ടെന്ന്
കന്നു വരുന്നു.
ഹഹഹാ.. Q&M..!
4 ഞാൻ
AYALAM HOT MALAYALAM TEENS AM
പെട്ടെന്ന് പെയ്യുന്നു
നിങ്ങൾ പോകില്ലാ കളിക്കാൻ മിസ്റ്റർ പി.ടി."
68,1,"വെറുതെ വീട്ടിൽ ഇരിക്കുമ്പോൾ 
മരണ വീട്ടിൽ പോകുമ്പോൾ
പറമ്പിൽ കിളക്കുമ്പോൾ  
ഉറങ്ങാൻ പോകുമ്പോൾ"
788,0,"ഓസ്കാർ അവാർഡിന്റെ ഒഫീഷ്യൽ എൻട്രി ആയി | ""The Kerala story"" യെ തിരഞ്ഞെടുത്തോളോ
മലയാളം

| ഓസ്കർ മത്സരത്തിന് മലയാള സിനിമ
ഇന്ത്യയുടെ ഔദ്യോഗിക എൻട്രിയായി ‘2018’
ഹാ.. Kerala Story
തന്നെ തിരഞ്ഞെടുത്തു
തന്നോട് ഞാൻ"
658,1,വീട്ടിലെ ചെറുപ്പക്കാരി ആയ വേലക്കാരിയുടെ മുന്നിൽ മു ഊരിയിട്ട് പോയി നിന്നു അവൾ തുണി വിരിച്ചോണ്ട് നിന്നപ്പോൾ പുറകിൽ പോയി സാരിയുടെ സൈഡിൽകൂടെ കൈ കയറ്റി പൊക്കിളിൽ വിരലിട്ടു പിടിച്ച് തറയിൽ കിടത്തി ചുണ്ട് ചപ്പി വലിച്ച് സാരി പൊക്കി തുട തടവികൊണ  കഴുത്തിൽ നക്കി ചെവി ഉരുഞ്ചി വലിച്ച് അവളുടെ ജട്ടിയുടെ മുകളിൽ കൂടെ പൂറു തടവി
989,0,"തിരിഞ്ഞു നോക്കില്ല ഞാൻ, തിരിഞ്ഞു നോക്കില്ല. അപ്പൊ ഇനി ഡോൺ കാർലോ വന്നിട്ട് കാണാം"
170,0,"ഫേസ്ബുക് പാസ്സ്വേഡ് കാമുകൻ കാമുകിക്ക് പറഞ്ഞുകൊടുക്കുന്നതല്ലാതെ,
ഏതേലും കാമുകി,കാമുകന് ഫേസ്ബുക് പാസ്സ്വേഡ് കൊടുക്കാറി....."
16,1,"പരീക്ഷ നാളുകളിൽ മിക്കവാറും കണ്ടു വരാറുള്ള
 ചേങ്കത്തി മറ്റന്നാളത്തെ പരിക്ഷയ്ക്കുള്ളത് എന്തെങ്കിലും അറിയോ നിനക്ക് ഇങ്ങ് വാ ഞാൻ എന്തെങ്കിലും പറഞ്ഞു 
ശേഷം ഇത് കണ്ടോ ഇത് എങ്ങനെ ആണ് കിട്ടിയതെന്ന് മനസ്സിലായോ?? എന്നാൽ ഇങ്ങോട്ട് നോക്ക് ഞാൻ പറഞ്ഞു"
355,0,"ഇന്ന് അതിരാവിലെ
നല്ല ക്ഷീണം...
ഞാൻ ഒന്ന് കിടക്കട്ടെ..!!"
218,0,ടീച്ചർ ഫ്രണ്ട് ബഞ്ചിൽ പിടിച്ചിരുത്തിയ ബാക് ബെഞ്ചർ . # പഠിപ്പിസ്റ്റ് #ബാക്ക് ബെഞ്ചർ # പഠിപ്പിസ്റ്റ്
470,1,HAPPINESS IS സർപ്രൈസ് ആയി അവളുടെ വയറ്റിൽ പിടിക്കുന്നത്
207,0,"കടവാത്തൊരു തോണി ഇരിപ്പ് പാട്ടില്ലാതെ #കാളിദാസൻ ആദ്യം നി പറഞ്ഞു പൂമരം കൊണ്ട് കപ്പലുണ്ടാക്കിയെന്ന്. 
ഇപ്പൊ നീ പറയുന്നു കടവത്തൊരു തോണി ഇരിപ്പ പാട്ടില്ലാതെ...ശെരിക്കും നിന്റെ പ്രശ്നം എന്താ"
915,0,"200 കോടി ബഡ്ജറ്റിൽ വന്ന ചിത്രം ഫസ്റ്റ് ഡേ വേൾഡ് വൈഡായി നേടിയത്
വെറും 4 കോടി ര"
253,0,"Oscar Award T.V ലൈവ് ആയിട്ട് കാണുന്ന  *ഏഷ്യാനെറ്റ് M.D  അയ്യേ... പിഷാരടിടെ കോമഡി ഇല്ല ആശാ ശരത്തിന്റെ ഡാൻസും 
ഇല്ലാത്ത ഇതെന്തോന്ന് FilmAward"
968,0,"ഇന്ന് നൈറ്റ് ഇൽ ചില ആൾക്കാരുടെ അവസ്ഥ എടാ വിജയാ നാളെത്തെ കാര്യം ഒന്ന് ഓർത്തുനോക്കിയേ എന്താടാ ദാസാ LEO LEO LCU ആയിരിക്കുമോ TMM Player Ski One-touch Pass Cristiano Ronaldo BFOOTBALL ഗെയ്മിൽ റൊണാൾഡോ ഫസ്റ്റ്,ട്രൈയിൽതന്നെകിട്ടുമോ"
361,0,"എല്ലാ മുൻനിര ടീമുകളും തോറ്റു ഇനി ഒരുത്തൻ കുടി ഉണ്ട്.
ഹോളണ്ട്
ഇന്ന് അമേരിക്കയുമായി കളിയുള്ള…"
194,0,"തുടർച്ചയായി 4 പിരീഡ് ക്ലാസെടുത്ത് ക്ഷീണിച്ച് ഓഫീസിലെത്തിയ കണക്കു മാഷ് # പഠിപ്പി  സാറെ, ഇപ്പോ ഫ്രീ പിരീഡാണ്... 
# കണക്കു മാഷ് ഈ ചെക്കൻ എന്റെ പൊക കണ്ടേ അടങ്ങൂ...!!!"
20,1," എല്ലാവർക്കും സ്വാതന്ത്ര്വ ദിനാശംസകൾ ! 
ബിവി* ങ്ഹും ! 
സ്വാതന്ത്ര്യ ദിനമായിട്ടും നിനക്കെന്താ സന്തോഷമില്ലാത്തെ ! 
നിങ്ങൾക്ക് സ്വാതന്ത്ര്യം കിട്ടുന്നതുകൊണ്ട് കൊണ്ട് എനിക്കെന്ത്"
663,1,സൂരജേട്ടൻ അടുത്ത് നിക്കുമ്പോൾ പോലും തന്നെ സുഭാഷ് ജാക്കി വെക്കുന്നതറിയുന്ന ദിക്കി കഴിച്ചുകൊണ്ടിരുന്നപ്പോൾ അവന്റെ . മുണ്ടിന്റെ ഇടയിലൂടെ ആ കറുത്ത അണ്ടി കുലച്ച് പുറത്തുനികുന്നത 2. അവൾ കാണുന്നു. ട്രോ നടിമാർ അവനെ കാമം കയറ്റാൻ ചുണ്ടുകൾ കൊണ്ട് ഊമ്പുന്നത് കാണിക്കുന്നു ആ വാൾ പുരയിൽ നിന്ന് സാരി പൊക്കി അവ 3 മിനിറ്റ് കഴിഞ്ഞ് മുണ്ട് മാറ്റി വാണമടിച്ചു കൊടുത്തു . അവൻ ആ പെരും കുണ്ണയിൽ നിന്ന് പാൽ ചാടി കൈയിൽ കൂടെ ഒഴുകി അടിയിൽകൂടെ പൂറിൽ വിരലിട്ടും സമയം അവളുടെ പൂരും ഒലിച്ചു
477,1,"വിവാഹശേഷം ഒരാഴ്ച കഴിഞ്ഞ് ഭർത്താവിന്റെ വീട്ടിൽ നിന്ന് സ്വന്തം വീട്ടിൽ എത്തിയ ന്യൂജനറേഷൻ പെണ്ണ്.. അവിടെ എന്താ നടക്കുന്നത് എന്ന് അമ്മയ്ക്കറിയുമോ.. me KDmeme മലയാളം മാസ്റ്റേഴ്സ്  എന്റെ തുണിയെല്ലാം ഞാൻ തന്നെ അലക്കണം, 'ഞാൻ തിന്നുന്ന പാത്രം വരെ ഞാൻ കഴുകണം.. They treat me like a servant amma..."
966,0,"*ഹേറ്റേഴ്സ് 8 -മത്തെ Ballon d'or ഏകദേശം ഉറപ്പിച്ചമട്ടാണ്, നമ്മൾ അതു കുറച്ചു കാണിക്കാൻ കരയേണ്ടി വരുമോ GOLDMINES ബോൾ കരയുകയല്ലാതെ മറ്റെന്താണ് നമ്മൾ ഇതുവരെ ചെയ്തുകൊണ്ടിരുന്നത്"
606,1,നല്ല മെലിഞ്ഞ വയറിന് ചുറ്റും അരഞ്ഞാണവുമിട്ട് അതും ആ കുഴിഞ്ഞ പൊക്കിളും കാണിച്ച് ഏതൊരു പെണ്ണ് അടഞ്ഞാലും നമുക്ക് കമ്പി ആവും
236,0,ടീവി കാണുന്നതിനിടക്ക് അമ്മ തൂത്തുവാരാൻ വരുമ്പോൾ *ഞാൻ
87,1,"*അച്ഛൻ നിന്റെ കല്യാണത്തിനുള്ള സ്വർണ്ണക്കെ നി ഉണ്ടാക്കിക്കോണം 
*ഞാൻ ശെരി അച്ഛാ...  പിന്നെ.... ചെക്കനേം ഞാൻ തന്നെ കണ്ടുപിടിച്ചാ കൊഴപ്പമുണ്ടോ..
*അച്ഛൻ ഫ്‌ബ....!!!!"
384,0,"ടാങ്കർ ചങ്ക്

കൊല്ലാം പക്ഷേ
തോല്പിക്കാനാവില്ല..!!"
562,1,"തിരിച്ച് നിർത്തി കുത്തിപൊളിച്ച്, അണ്ടി ഉരച്ചപ്പോൾ .. ഇഞ്ചിഞ്ചായി പയ്യെ തള്ളി അകത്ത് കയറ്റിയപ്പോൾ മുഴുവൻ കയറ്റി പയ്യെ കയറ്റി ഇറക്കി അടിക്കാൻ ""തുടങ്ങിയപ്പോൾ സ്പീഡ് കൂട്ടി അടിക്കാൻ തുടങ്ങിയപ്പോൾ .. മുഴുവൻ അണ്ടിയും കയറ്റി പുറകിൽകൂടെ മുല ഞെരിച്ചുകൊണ്ട് ആഞ്ഞടിച്ച് കൊടുത്തപ്പോൾ പാൽ കൂതിക്കുള്ളിൽ തന്നെ ഒഴിച്ച് നിറച്ച് കൊടുത്തപ്പോൾ"
137,0,"കല്യാണം കഴിഞ്ഞാൽ റിസപ്ഷൻ നടത്തുമ്പോൾ ആളുകളോട് സംസാരിക്കേണ്ടിവരുണ്ടല്ലോ എന്നോർത്ത് 
ടെൻഷനടിച്ചിരിക്കുന്ന ആരോടും അധികം സംസാരിക്കാത്ത ഞാൻ"
812,0,"#ACC
എന്താമക്കളേ. കളി കഴിഞ്ഞിട്ടും പോകുന്നില്ലേ?

കൂടെ ടിക്കറ്റ് കാശി മുതലായില്ല. ഒരു 20-20
പറ്റുമോ? വെക്കാൻ
മലയാളം
"
671,1,മിക്ക വീട്ടിലെയും സീഥിരം കാഴ്ച്ച സാരിയുടുത് മുലയും വയറും കാണിച്ച് നടക്കുന്ന നിഷ്കളങ്കയായ ഭാര്യ കുടുംബത്തോടിരുന്ന് ഉണ്ണുമ്പോൾ ചാല് കാണിച്ചു കൊതിപ്പിക്കും കാമം നിറഞ്ഞ നോട്ടവും എല്ലാവരും ടീവീ കണ്ടോണ്ടിരിക്കുമ്പോൾ അടുകളയിൽ ചെന്ന് നല്ലോണം മുറുകെ പിടിച്ച് ആ ഇളം ചന്തിയിൽ ജാക്കി വെക്കുന്ന ഭർത്താവ് ആദ്യമൊന്ന് എതിർക്കുമെങ്കിലും അവന്റെ അണ്ടിയുടെ സുഖം അറിഞ്ഞ് തുടങ്ങുമ്പോൾ അവൾ നിന്ന് കൊടുക്കും
946,0,"mediaoneonline.com
ബന്ദികളായ അമ്മയെയും കുഞ്ഞിനെയും ഹമാസ് മോചിപ്പിച്ചു
മീൻവയിൽ ' മീഡിയ ഫൺ
Martin Joseph Koottummel.
കരുണാമയെനേ ഹമാസ് വിളക്കേ അലിവിൻ നാഥനേ…"
299,0,"95 ദിവസം വെള്ളത്തിനടിയിൽ കഴിഞ്ഞു; 10 വയസ്സ് കുറഞ്ഞെന്ന വാദവുമായി ശാസ്ത്രജ്ഞൻ..
2.
*തിമിംഗലം
വയസ്സല്ല, ബുദ്ധിയും ബോധവും ആണ് കുറഞ്ഞത്"
83,1,"*ഭർത്താവ് നീ പിള്ളേരെയും കൊണ്ട് എങ്ങോട്ട് പോകുന്നു?
*ഭാര്യ സ്കൂൾ അവധി അല്ലെ. പിള്ളേരെയും കൊണ്ട് കറങ്ങാൻ പോകുവാ!!!  
*ഭർത്താവ് കയറി പോടി അകത്ത് സർക്കാർ സ്കൂളിന് അവധി തന്നിരിക്കുന്നത് കറങ്ങാൻ പോകാനല്ല.."
509,0,"ആത്മാർഥമായി സ്നേഹിച്ചവൾ ഇട്ടേച്ച് പോയാൽ
ആദ്യത്തെ 2 - 3 വർഷം..
ശരാശരി ബോയ്സ്

5 വർഷത്തിന് ശേഷം
10 വർഷത്തിന് ശേഷം…"
328,0,"
ഡമ്മി റേഷൻകട, കെണിയായി കത്തി, സജ്ജരായി വിക്രവും മൂന്ന് താപ്പാനകളും മിഷൻ അരിക്കൊമ്പൻ ശനിയാഴ്ച

താപ്പാന
അരി
ക്കൊ
തീറ്റയും കഴിഞ്ഞ് സ്റ്റാന്റ് 
എങ്കിൽ നിനക്ക് വെട്ടി വിഴുങ്ങാനുളള അരി ഞാൻ
ma....!"
179,0,"ഇൻഡ്രോ സീനിൽ പറയാനുള്ള ഡയലോഗ് പ്രാക്ടീസ് ചെയ്യുന്ന ഇന്ദുചൂഡൻ പവിത്രാ..ഇന്ദുചൂഡൻ ഇന്നൊരു വ്യക്തിയല്ലാ 
ദേ കണ്ടോ കക്ക വാരാൻ വന്ന മത്സ്യതൊഴിലാളി ഒന്നൂല്ലാ... വാരിക്കോ വാരിക്കോ !!"
702,1,മറ്റുള്ളവർക് ഇവൾ പൂർണ എനിക്കിവൾ വാണ പശു
661,1,മിനി സ്ക്രീനിലെ വെടി എന്നൊക്കെ കേട്ടിട്ടുണ്ടെങ്കിലും അതൊരു അത്ഭുതമായി തോന്നിയത് ഇവളെ കണ്ടതിന് ശേഷമാണ്
340,0,"പശുക്കളുടെ
അടുത്തുനിൽക്കുക, അവയുടെ കണ്ണിലേക്കു നോക്കുക
കൃഷ്ണ കുമാർ പറയുന്നു

പശു
ഇതെന്ത് @"
598,1,ഫേമസ് ആവുന്നതിന് മുൻപുള്ള ഇവളുടെ ഈ പടങ്ങൾ കണ്ടാൽ മനസിലാകും ഇവൾ ചാൻസിന് വേണ്ടി എത്രപേരുടെ അണ്ടി ഊമ്പി കൊടുത്തിട്ടുണ്ടെന്നും ..എത്രത്തോളം വേശി ആണെന്നും
397,0,"Some countries have moon on their flags
While some countries having their flags on
moon
meme
ഫ്ലാഗിൽ ചന്ദ്രൻ വയ്ക്കാൻ ആർക്കും പറ്റും
പക്ഷേ ചന്ദ്രനിൽ ഫ്ലാഗ് വയ്ക്കാൻ ഒരു റേഞ്ച് വേണം"
869,0,"
ചാണ്ടി ഉമ്മൻ പിതാവിനെപോലെ അല്ലേ ഇരിക്കു അനുകരിക്കേണ്ട കാര്യമുണ്ടോ രമേഷ് പിഷാരടി UDF Onlin
* AK ആന്റണി
"
34,1,"ഭാര്യയുടെ ഒപ്പം കഴിക്കാമെന്ന് വിചാരിച്ചു പണിയുടെ ഇടയ്ക്ക് വീട്ടിൽ വന്നപ്പോൾ ഭാര്യ അപ്പുറത്തെ ശശാങ്കെട്ടന് വാരി 
കൊടുക്കുന്നത് കണ്ട  #സർപ്രൈസ് ഷിബു"
977,0,** കാന്താരി ലിയോ ലോകത്ത് ആദ്യമായിട്ടാണ് ഒരാളെ തന്നെ ഒരേ സമയം രണ്ട് തവണ ഡ്രിബിൾ ചെയ്യുന്നത്
306,0,"ചങ്ക് ബൈക്കുമായി പോകുന്നത് കണ്ട്, മുന്നിൽ ചെക്കിങ്ങുണ്ടെന്ന് ഫോൺ വിളിച്ചു പറഞ്ഞ
മാസ്റ്റേഴ്സ്
#ഞാൻ
കാൾ ചെയ്ത വണ്ടി ഓടിച്ചതിന് 1000 രൂപ ഫൈൻ അടച്ചു വന്ന ചങ്ക്"
5,1,"വിട്ടുകാർ ആലോചിച്ചു നടത്തിയ വിവാഹ ജീവിതത്തിൽ പ്രശ്നങ്ങളുണ്ടാകുമ്പോൾ ചില അമ്മമാർ eme അങ്ങ് ക്ഷമിച്ചു കള മോനേ..
കുടുംബമായി ജീവിക്കുമ്പോ ഇതൊക്കെ സാധാരണയാണ്. “മകൻ പ്രണയിച്ചു കെട്ടിയ ശേഷം പ്രശ്നങ്ങൾ ഉണ്ടായാൽ 
ചില അമ്മമാർ KIDILAN COMMENTS & TROLLS ഞാൻ അന്നേ നിന്നോട് പറഞ്ഞതാ അവള് വേണ്ടാന്ന്...അനുഭവിച്ചോ..!"
504,0,ഓർഡിനറി പോലെ പക്കാ ഫാമിലി പടം ഇഷ്ടപ്പെടുന്നവർക്ക് ആസ്വദിക്കാൻ കഴിയുന്ന കിടിലൻ എന്റർടൈനർ മൂവി റാഹേൽ മകൻ കോര
82,1,"എന്തിനാ അമൃതേ കരയുന്നത് ?
 ഞാൻ 550 രൂപ കൊടുത്ത് ഒരു 8GB pendrive വാങ്ങി അമ്മേ പക്ഷെ Computer ൽ കുത്തിയപ്പൊ 7.45GB യേ കാണിക്കുന്നുള്ളൂ"
305,0,"*2000രൂപ
നോട്ടിറക്കിയതിന്റെ ലക്ഷ്യം പൂർത്തിയായി ആർബിഐ
എന്ത് ലക്ഷ്യം...!
തമ്പുരാനറിയാം....

"
160,0,"PTA മീറ്റിങ്ങ് കഴിഞ്ഞ് വീട്ടിലെത്തിയപ്പോൾ അമ്മെ, പ്ലീസ് അച്ഛനോട് പറയല്ലേ ഇല്ല, അച്ഛനും കൂടി അറിയട്ടെ 
നിന്റെ ലീല വിലാസങ്ങൾ എല്ലാവരും എന്നോട് ചോദിച്ചു നി എന്താ ചേച്ചിയെ ആണോ മീറ്റിങ്ങിനു കൊണ്ട് വന്നത് എന്ന്... * അമ്മ"
539,1,നിർവൃതിയടയുന്ന ഭാര്യാ
573,1,സംസ്കൃതി (19) | മാളവിക നായർ (18)മാളവിക മേനോൻ (19) സന അൽത്താഫ് (18
538,1,"മഴ പെയ്തതോണ്ടു ഓടി വന്നപ്പോ പാല് ഇച്ചിരി തുളുമ്പി പോയി, സാറേ..നീയെന്താ ബ്രാ ഇട്ടിട്ടുണ്ടായിരുന്നില്ലേ, ഇങ്ങനെ തുളുമ്പി പോവാൻ ഈപത്രത്തിന്ന് തുളുമ്പി"
684,1,കണ്ടിട്ട് പെണ്ണ് ഇല്ല ഐക്സിബിൾ ആണല്ലോ V ആ പൊസിഷനിൽ തന്നെ നിർത്തി ആ കന്തു ചപ്പി വലിക്കാൻ ആഗ്രഹിക്കുന്നവരാണ് നമ്മളെല്ലാം
189,0,"പെമ്പിളേളർ ഇഷ്ടമാണെന്ന് പറയുന്നത് വരെ.! #ഗേൾസ്.. #ബോയ്സ്  
പെമ്പിള്ളേർ ഇഷ്ടമാണെന്ന് പറഞ്ഞ് കഴിഞ്ഞാൽ.! ബോയ്സ്# #ഗേൾസ്"
321,0,"
ആരാടാ അത്...!
ഞാൻ പു...!
പുലി, സിവനേ പുലി…"
362,0,"
സുമേഷ് കാനറി
*അനി പറങ്കി
തോൽവി അറിയാതെ പ്രീക്വാർട്ടറിൽ എത്തിയതുകൊണ്ടായിരിക്കും. രണ്ടുപേരും നല്ല സന്തോഷത്തിൽ ആണല്ലോ
മെയിൻ പ്ലേയേഴ്സ് ഒക്കെ റസ്റ്റ് ആയതുകൊണ്ടാ.. അല്ലെങ്കിൽ കാണായിരുന്നു.
ഓ നിങ്ങൾടെ സന്തോഷത്തിൽ ഞാൻ ഇട പെടുന്നില്ലെ, എൻജോയ് എൻജോയ്.."
660,1,ഒന്ന് നേരെ ചൊവ്വേ തുറന്ന് കാണിക്കാതെ തന്നെ മനുഷ്യന്റെ വാണം ഇത്രക്കും ചീറ്റിക്കണമെങ്കിൽ അവളുടെ പേര് ശ്രുതി ലക്ഷ്മി എന്നായിരിക
338,0,"ഉത്സവത്തിന് എഴുന്നള്ളിച്ച തെച്ചിക്കോട്ടുകാവ് രാമചന്ദ്രൻ ഇടഞ്ഞു
പാപ്പാന് ഗുരുതരമായ പരിക്ക്

*ആനപ്രേമി
ഇടഞ്ഞുന്ന് അല്ല....
കുരുമ്പ് കാണിച്ച് എന്ന് പറയണം..!"
55,1,"#കലിപ്പൻ  ആരോടാ നിന്റെ chat? #കാന്താരി എന്റെ bestie ആണ് ഏട്ടായി 
 #കലിപ്പൻ  അവൾടെ ഒരു chat, ഇങ്ങ് താടി നിന്റെ  #കലിപ്പൻ  ഫോണും വേണ്ട ഒരു കോപ്പും വേണ്ട  #കാന്താരി  എന്റെ ഏട്ടായിക്ക് എന്ത് careaaa"
103,1,പണ്ട് ഇപ്പോൾ കളി കളി ചാല് ചാല് വട വട  അപ്പം അപ്പം
754,0,"മുന്നറിയിപ്പില്ലാതെ ആക്രമിച്ചാൽ ബന്ദികളെ വധിക്കുമെന്ന് ഹമാസ് ഭീഷണി മുഴക്കി. #Israel #Gaza 
“ഇസ്രായേൽ
ഞങ്ങൾ നിങ്ങളെ ആക്രമിക്കാൻ അങ്ങോട്ട് വരുന്നുണ്ട്
"
751,0,"സുഡൂ
മിത്രം"
95,1,"പ്രായകൂടുതലാണെന്ന പറഞ്ഞ എന്നെ വേണ്ടന്ന് വെച്ചി പൺകുട്ടി 
അവളുടെ കല്യാണം കഴിഞ്ഞു.രണ്ട് വർഷത്തിന് ശേഷം കണ്ടു മുട്ടിയപ്പോൾ"
275,0,"
*അമേരിക്കയിലെ കുഞ്ഞാവ
കേരളത്തിലെ കുഞ്ഞാവ"
555,1,കാമം നിറഞ്ഞ കണ്ണുകൾ അഴിഞ്ഞ മുടി .. മൂക്കുകുത്തി ..മെലിഞ്ഞ കാലും നല്ല വെണ്ണപോലത്തെ വയറും ഒന്നല്ല ..എത്ര രാത്രി വേണമെങ്കിലും ഇവളെ പണിഞ്ഞ് മറിക്കാം
904,0,"ചെറുപ്പത്തിൽ സ്കൂളിൽ പോയി വരുന്ന
മലയാളം"
877,0,"എല്ലാവർക്കും ജർമ്മൻ സുൽത്താന്റെ ഹൃദയം
OZIL സ്പെഷ്യൽ
നിറഞ്ഞ
മുബാറക്ക്"
689,1,നല്ല വെണ്ണ പോലത്തെ വയറും - കൊഴുത്ത തുടയും നല്ല കമ്പി മുഖവും ആദ്യ സിനിമ കഴിയുമ്പോ തന്നെ തുണി ഊരുന്നവർമാരെല്ലാം കിടിലം ചരക്കുകൾ ആണല്ലോ ദൈവമേ
224,0,"അർദ്ധരാത്രിയിൽ റൂമിൽ നിന്ന് ചെറിയ ശബ്ദത്തിൽ പാട്ട് കേട്ടിട്ട് എണിറ്റ് നോക്കുന്ന ഞാൻ  രാത്രിയിൽ ഫോണിലൂടെ 
കാമുകിയെ പാട്ടുപാടി ഉറക്കുന്ന കുട്ടുകാരൻ"
753,0,"കോൺഗ്രസ് പലസ്തീൻ ജനതയ്ക്കൊപ്പം നിൽക്കണം രമേശ് ചെന്നിത്തല

കോൺഗ്രസ് പലസ്തീൻ ജനതയ്ക്കൊപ്പം നിൽക്കണം രമേശ് ചെന്നിത്തല

പലസ്തിൻ.
CPI(M)
ഹായ് ബേബി. ഹമാസ് ഇക്കാമാർക്ക് സുഖം തന്നെയല്ലേ..?"
294,0,"എന്ത് ചെയ്യുന്നു?
BANK COACHING
ബി ടെക് ഏതു കോളേജിൽ ആയിരുന്നു?"
331,0,"milma
Milma 1d6
ഇതാ മിൽമ ചായ അടിക്കാനുള്ള സ്റ്റെപ്പുകൾ!... See more
മിൽമ ചായ 'ഇങ്ങനെ അടിക്കണം
milma
ഒരു കാൽ മുന്നിലേക്ക്

ഉയർത്തി ചായ
വേഗത്തിൽ ആവർത്തിക്കുക
മിൽമ ചായ അടിച്ച് കുടിക്കാം.
*മനോരമ"
130,0,"* ഞങ്ങളുടെ പരിപാടിയിൽ മലയാളം മാത്രമേ സംസാരിക്കാൻ പാടുള്ളൂ.. മലയാള പദങ്ങൾ മാത്രമേ 
ഉപയോഗിക്കാൻ പറ്റത്തുള്ളൂ... ആഹാാ.. എന്താ പരിപാടിയുടെ പേര്?? BIGG BOSS നല്ല പേര്..."
213,0,മൃഗയയിൽ മമ്മുക്ക ഒറിജിനൽ പുലി ആയിട്ടാണ് ഫൈറ്റ് ചെയ്തിരിക്കണേ..!!  അന്നാ പിന്നെ മമ്മുക്ക ഗ്രാഫിക്സ് ആയിരിക്കും..
381,0,"
Da....... 8:30 pm
നിൽക്കെടാ.. download ആയിട്ടില്ല. 8:31 pm
Type a message
രാത്രി ചങ്കിനോട് ഹോം വർക്ക് send ചെയ്യാൻ പറഞ്ഞ
ഞാൻ"
286,0,"ചെറുപ്പത്തിൽ സ്കൂളിൽ പഠിക്കുമ്പോൾ ഡെസ്കിന്റെ അടിയിൽ മാന്തിയിട്ട് ബാർബർഷോപ്പിൽ നിന്നും മുടി വെട്ടുമ്പോൾ ഉണ്ടാകുന്ന ശബ്ദം ആസ്വദിക്കുന്ന
ഞാനും
ചങ്കും
"
914,0,"sianet
news
പട്ടാള വേഷത്തിൽ
ആദ്യ റിപ്പബ്ലിക്ക് പരേഡ് കണ്ട ആവേശത്തിൽ മോഹൻലാൽ
അനുഭവം പങ്കുവയ്ക്കുന്നു
WATCH VIDEO"
528,0,"OCT 2023
REPORTER
CBI6
""സിബിഐ ഡയറിക്കുറിപ്പിന് ആറാം ഭാഗം REPORTER HIREP EPORTER REPORTER REPORTER
ഔദ്യോഗിക പ്രഖ്യാപനം ഉടൻ
കെ മധു
"
773,0,"KOK യുടെ ടെയിൽ ഏൻഡ് കണ്ട
ഹലോ !
രാജു മദ്രാസ്. ഷിംല മേ ക്വാ ഹാൽ ഹെ
തീർക്കാൻ പറ്റുമെങ്കിൽ തീർക്കെടാ
കണ്ടു തീർത്ത ഞാൻ
IMM ഇതന്നെ തീർക്കാൻ കഷ്ടപെട്ടു ! 2nd പാർട്ട് ഇറക്കി കഷ്ട്ടപെടുത്തല്ലേ
മലയാളം"
522,0,"15000 രൂപയ്ക്ക് പഴയ 800 വാങ്ങി അത് 3ലക്ഷം രൂപയ്ക്ക് Modify ചെയ്ത ഇറക്കിയ ശേഷം
പ്രശാന്ത് ടി
ഞാനും
KL 2 & 3738"
75,1,"കല്യാണത്തിന് മുൻപ് കാമുകിയുമായി ബസ്സിൽ പോകുന്ന ഞാൻ അവളുറങ്ങുമ്പഴും എന്തൊരു സുന്ദരിയാ 
കല്യാണത്തിന് ശേഷം നാരന്റെ മോള് ബോധമില്ലാതെ ഉറങ്ങുന്ന കണ്ടാ"
940,0,"ഇല്ല
നീ ഫേസ്ബുക്കിന്റെ പുതിയ ട്രിക്ക്
കണ്ടാരു ന്നോ
COMEDY MOVIE
എന്നാൽ വേഗം കമെന്റ് ബോക്സിൽ പോയി Bff എന്ന് കമെന്റ് ചെയ്ത് നോക്ക്
COMEDY MOVIE"
223,0,സ്ഥിരമായി കഞ്ചാവ് വലിക്കുന്ന #ചങ്ക് അതിതുവരെ കണ്ടിട്ട്പോലുമില്ലാത്ത #ഞാൻ
766,0,"
എനിക്ക് പാർട്ടിയെ വിശ്വാസം ഉണ്ട്. കരിവന്നൂരിൽ പണം നഷ്ടം ആകില്ല എന്ന ഉറപ്പ് പാർട്ടി തന്നിട്ടുണ്ട്

അപ്പോൾ ചികിത്സ കിട്ടാതെ ഇന്ന് ഒരാളുടെ ജീവൻ പോയത് അറിഞ്ഞില്ലേ?

ജീവൻ അല്ലെ പോയുള്ളൂ, പണം ഇപ്പോഴും
ബാങ്കിൽ ഉണ്ടല്ലോ"
291,0,"
""അച്ചാ ഞാൻ കോടികളുടെ അഴിമതി നടത്തി ""
""മാണി സാർ ആള് കൊള്ളാല്ലോ ഇനി അഴിമതി ചെയ്യരുത് ""
അഴിമതി ചെയ്ത - കാശാണ് അച്ചോ പള്ളിക്ക് സംഭാവന തന്നത് ""
'എങ്കിൽ കർത്താവ് ക്ഷമിക്കും രണ്ട് സ്വർഗസ്ഥനായ പിതാവേ ചൊല്ലിയാ മതി.
"
775,0,"* ഡോക്ടർ
കണ്ണൻ സഹാവ്
യ്യോ.. ഒരു equipment ഉള്ളിൽ മറന്നു വച്ചു
ഇങ്ങനെ
പേടിക്കല്ലെ ഡോക്ടർ !!
ദോ.. ഇവിടെ വേഗം കുത്തി തുറന്ന് എടുത്തോ
മലയാളം
തെറ്റി വേറൊന്നും എടുക്കല്ലേ .. ഇഹ് ഇഹ്
എന്താ !!! വിറക്കുന്നുണ്ടല്ലോ !"
736,0,"വീണ വിജയന്റെ സ്ഥാപനം നികുതി അടച്ചോ?
""വ്യക്തികളുടെ സ്വകാര്യതയെ മാനിച്ചു മറുപടി നൽകാനാകില്ല'
ജിഎസ്ടി വകുപ്പ്

GST വകുപ്പ്
നീയാള് കൊള്ളാട്ടാം.
വ്യക്തികളുടെ സ്വകാര്യതക്ക് എന്തൊരു കരുതലാണ് "
866,0,"തിരഞ്ഞെടുപ്പിൽ സാർഥികൾക്കായി പാട്ടകൾ ഇനിയും ഉണ്ടാകും.
പക്ഷേ കാലം എത്ര കഴിഞ്ഞാലും നി മാത്രം എന്നും മലയാളികളുടെ എയത്തിൽ ഇയാതെ കാണാം
മലയാളം"
354,0,"ട്രാഫിക് ബ്ലോക്കിൽ കിടക്കുന്ന എന്റെ വണ്ടിയുടെ പുറകിൽ വന്നു ഹോൺ അടിക്കുന്നവനെ സൈഡ് കൊടുത്ത് കയറ്റി വിട്ട ശേഷം അവന്റെ വണ്ടിയുടെ പുറകിൽ പോയി
"
688,1,ഓണത്തിന് പരിപാടികളിക്ക് ക്ലാസ്സിലെ പെൺപിള്ളേർ സാരി ഉടുത്തുവന്നാൽ അവളുമാരുടെ വടയും ചാലും കാണാൻ നിക്കുന്നവന്മാരാണ് മിക്ക ചെക്കന്മാരും
43,1,"വെളുപ്പിന് 3 മണിക്ക്  *കാമുകി  ഇന്ന് കുളിച്ചോ…*ഞാൻ  ആ കുളിച്ചു   
*കാമുകി  ഏത് സോപ്പാ..?  *ഞാൻ ചന്ദ്രിക   *കാമുകി പച്ച ചന്ദ്രികയോ..?
 *ഞാൻ  അല്ല പഴുത്ത ചന്ദ്രികം പോയികിടന്ന് ഉറങ്ങി"
548,1,കൺഫ്യൂഷൻ എന്തെന്നാൽ ഇത് ഇവളുടെ മുല തന്നെയാണോ അതോ വല്ല തടിയിലും ആണിയടിച്ച് വെച്ചിക്കുന്നതാണോ എന്നത്
150,0,"പരീക്ഷ കഴിഞ്ഞിറങ്ങിയ *ഉഴപ്പൻ അളിയാ പരീക്ഷ എങ്ങനെ ഉണ്ടാരുന്നു 
*പഠിപ്പി ഒരു മാർക്കിന്റെ ഒരെണ്ണം പോയി കഷ്ടിച്ച് ജയ്ക്കുവരിക്കും 
ആണോ നീ ഇങ്ങ് വന്നേ മുത്തേ ചുമക്കുമ്പ തിരിഞ്ഞ് നോക്കണെന്ന് നിന്നോട് കേറുന്നേയ് ഒന്നേ പറഞ്ഞതല്ലേടാ പട്ടി"
382,0,"ഇന്നലെ മഴയോടൊപ്പം ഇടിവെട്ടിയപ്പോൾ വീട്ടിലെ ടീവി അടിച്ചുപോയി
ശ്രീഹരി
ഇന്ന് രാവിലെ ഫോൺ കയ്യിൽനിന്ന് വീണ് Display അടിച്ചുപോയി"
96,1,നിങ്ങളുടെ വീട്ടിലെ ആറ്റം ചരക്ക് ആരാണ്  ആൻ്റി  ചേച്ചി  അനിയത്തി
368,0,"പെരുന്നാൾക്ക് വാങ്ങിയ പുതിയ ജിൻസെടുത്ത് ഉമ്മ നിലം തുടക്കുന്നത് കണ്ട.
ലെ ഞാൻ
"
158,0,"ജഗന്നാഥൻ സാറല്ലേ അതെ.. ജഗനാഥൻ സാറാണ് ഞാൻ ധാരാവിയിൽ നിന്നാ... എന്റെ എന്തേലും 
സഹായത്തിന് വന്നതാണോ താൻ ഏത് ചേരിയാടോ ഒറ്റ രാത്രി കൊണ്ട് ഒഴിപ്പിച്ചു..."
931,0,"തല നരയ്ക്കുവതല്ലെന്റെ വൃദ്ധത്വം തല നരക്കാത്തതല്ലെൻ യുവത്വവും
കൊടിയ ദുഷ്പ്രഭുത്വത്തിൻ തിരുമുമ്പിൽ
തലാനിക്കാത്തതാണ് എന്റ
യവ്വനം"
128,0,*ചേട്ടൻ ഡി.. ഒന്നിങ്ങ് വന്നേ... പെട്ടന്ന് വാ... *അനിയത്തി എന്താ ചേട്ടാ...? ആ ഫാൻ ഒന്ന് ഇട്ടേ ..
664,1,കസിൻ ചേച്ചിയുടെ ലീലാ വിലാസങ്ങൾ അങ്കിളും ആന്റിയും വീട്ടിലുള്ളപ്പോ ! നോർമൽ മോഡ്  അവർ ഓഫീസിൽ പോയി കഴിയുമ്പോ കുത്തി മോഡ്
662,1,കാണാൻ വലിയ ലൂക്കൊന്നും ഇല്ലെങ്കിലും ഇന്ന് നമ്മുടെ വാണം തെറുപ്പിക്കാൻ ഇവൾ ബെസ്റ്റാ
835,0,"ബിഗിൽ
BUG WDER
AMM
തുപ്പാക്കി
Theri
HOTA BALE
BUG WDER
AMM
ffb.com
മെർസൽ
BUG WDER
SUG
WDER
SRK
AMM
JAWAN"
899,0,"ചങ്ക് കൂട്ടുകാരി അവലോകനം
Canoop
8 9 മണി വരെ ഉള്ള ഉറക്കം
പല്ലു പോലും തേയ്ക്കാതെ
ഉള്ള
ഏത് നേരവും ഓൺലൈൻ
ആഴ്ചയിൽ ഒരിക്കൽ മാത്രം
നല്ല അസൽ
വായിനോക്കി
ചാള മേരിയുടേത്
പോലുള്ള
സംസാരം
നല്ല അസൽ തള്ളിസ്
സെൽഫി പ്രാന്തി"
469,1,ഓൺലൈൻ കാമുകിയുമായി ഫസ്റ്റ് കളി കഴിഞ്ഞ ശേഷം..  കിടു മല... 36 ഇഞ്ച് ബ്രാ സൈസ്.. ഞാൻ ഇതെന്തോന്നെടീ ഇത്.. ഫ്ലാറ്റ് സ്ക്രീനോ? ശരിക്കും നിനക്കിതിന്റെ ഒന്നും ആവശ്യമില്ല. വെറുതേ...
602,1,സൗന്ദര്യമില്ല ...അഭിനയം എന്താന്ന് അറിയില്ല ഗൃഹലക്ഷ ഒന്നും അറിയാത്ത പോലെ എല്ലാം തുറന്ന് കാണിച്ച് കണ്ടവന്മാർക്ക് കിടന്നും കൊടുത്ത് സിനിമയിൽ പറ്റിപ്പിടിച്ച് ഇരിക്കുന്നു
439,1,കാണുന്നവർക്ക് അറിയാമോ കാമറാമാൻ നേരിടുന്ന വെല്ലുവിളികൾ
324,0,"ബിഗ് ബോസിലെ പുതിയ മൽസരാർത്ഥികളെ കാണുന്നെ..
ഞാൻ
ഇവരൊക്കെ ആരാ..?"
845,0,"TMM
ഒന്നിൽ പിഴച്ചാൽ മൂന്നിൽ എന്ന് പറയുന്നതൊക്കെ വെറുതെയാ
TMMO
പിഴച്ചു തുടങ്ങിയാൽ പിന്നെ മൂന്നിൽ ഒന്നും നിൽക്കില്ല
സ്വന്തം ബൂത്തിലും നിലംതൊടാതെ
മണർകാട് ഒരു ബൂത്തിലും ജെയ്ക്കിന് ലീഡില്ല
08 SEP 2023
manoramanews.com"
981,0,TMM പ്രണയിച്ചവൻ അര്ജന്റീന തോറ്റോ? TMM അര്ജന്റീന ജയിച്ചു TMM മെസ്സി ഗോളും അടിച്ചു എന്നാ പൈസ കൊടുത്തു ജയിച്ചു എന്ന് പറഞ്ഞേക്ക്
758,0,"
'അൽ അഖ്സ പ്രളയം' എന്നാണ്
ഇസ്രായേൽവിരുദ്ധ ഓപറേഷന് ഹമാസ് സൈനിക വിഭാഗം നൽകിയിരിക്കുന്ന പേര്, പോരാളി സംഘത്തിൻറ ആസൂത്രിത സൈനിക നീക്കത്തിൽ അമ്പരക്കുകയാണ് ഇസ്രായേൽ #Israel-PalestineConflict #Hamas
മലയാളം
അൽ അഖ്സ പ്രളയം' എന്നാണ് ഇസ്രായേൽവിരുദ്ധ ഓപറേഷന് ഹമാസ് സൈനിക വിഭാഗം നൽകിയിരിക്കുന്ന പേര്. പോരാളി സംഘത്തിന്റെ ആസൂത്രിത സൈനിക നീക്കത്തിൽ അമ്പരക്കുകയാണ് ഇസ്രായേൽ #Israel-
അൽ അഖ്സ പ്രളയം'

ഇസ്രായേലിനെ വിറപ്പിച്ച് അൽ അഖ്സ പ്രളയം
ഇസ്രായേലിനെ വിറപ്പിച്ച്
വാർത്ത കാണുന്ന സുഡു
അൽഹംദുലില്ലാഹ്...ദൈവത്തിന്റെ പോരാളികൾ തുടങ്ങി...ജയ് ഹമാസ്..!!
mediaoneonline.com
ഗസ്സക്ക് നേരെ ഇസ്രായേൽ ആക്രമണം തുടങ്ങി
"
781,0,"asianet
news
28.09.2023
കരുവന്നൂർ ബാങ്കിനെ പുനരുജ്ജീവിപ്പിക്കാൻ സിപിഎം
നേതാക്കൾ രംഗത്തിറങ്ങും
കരുവന്നൂർ ബാങ്ക്
TMM
എന്തിന് III
വീണ്ടും നേതാക്കന്മാർക്ക്"
426,1,ട്യൂഷൻ ചേച്ചി പഠിപ്പിക്കുന്നതിന് ഇടയിൽ
332,0,"രചന, സംവിധാനം റോബിൻ രാധാകൃഷ്ണൻ; ഫസ്റ്റ് ലുക്കും ടൈറ്റിലും എത്തി TMM തിയേറ്ററുകൾ പൂരപ്പറമ്പാക്കുന്ന സീൻ...! *ദി കംപ്ലീറ്റ് ഡോക്ടർ എന്റെ പിള്ളേരെ തൊട്ടാ മുക്കാമണ്ട് ഇടിച്ചു ഞാൻ പൊളിയ്ക്കും...!"
945,0,"M MOVIE
TMM
ഗുഗുഗ്ലം അമ്പഴം.
Opin Oyayan Karikadard"
756,0,"കൈരളി ന്യൂസ്.
ഇസ്രായേലി കമാൻഡറെ ഹസ് തിവ്രവാദികൾ.
ഇർത്ത കാണുന്നവർ.

എന്താ പറഞ്ഞത്..?
ബബ്ബബബ്ബാ... ഹമാസ് പ്രവർത്തകർ ബന്ദിയാക്കി."
850,0,"M
നിലയർ എംഎൽഎ യുടെ മിച്ചഭൂഖ കണ്ടു കെട്ടാൻ ലാൻഡ് ബോർഡ് ഉത്തരവ്.
ഇക്കേടെ ആയിരുന"
422,1,"എന്താടി ഇത്? * ചങ്കത്തി ഒരു ഗ്ലാസ്സ് അരിയും, 3 ഗ്ലാസ്സ് വെള്ളവും കുക്കറിൽ ഇടാൻ അമ്മയല്ലെ പറഞ്ഞത്."
48,1,"മലക്ക് പോകുന്ന ഭർത്താവ് ഭാര്യയോട്.. നീ വരുന്നോടി മല കയറാൻ...  എങ്കിൽ വേഗം വാ പമ്പയുടെ അവിടെ ഇറക്കി വിടാം 
പിന്നെ ജനങ്ങൾ തല്ലിക്കൊന്നോളും അതോടെ ഞാൻ ഫ്രീ ആയല്ലോ !"
498,1,ഗേൾസ് ഹോസ്റ്റൽ റാഗിങ്ങിനിടയിൽ രോമം കിളിർത്തോയെന്ന് നോക്കുന്ന ജൂനിയർ * സീനിയർ
133,0,*fb നോട്ടിഫിക്കേഷൻ AVi NaSh said he was with you ങേ!! എപ്പോ ? AVi NaSh is at Lulu mall with you and 48 others 630!! ലൈക് തെണ്ടൽ!!
519,0,"ഒരു ഫ്രിഡ്ജ് ഉണ്ടായിരുന്നെങ്കിൽ ഇടയ്ക്ക് ഇടയ്ക്ക് ഐസ് ക്രിം ഉണ്ടാക്കാമായിരുന്നു എന്ന് പറഞ്ഞിരുന്ന ഞാൻ ഇപ്പോൾ ഒരുഓവൻ ഉണ്ടായിരുന്നെങ്കിൽ ഇടയ്ക്ക് ഇടയ്ക്ക് കേക്ക് ഉണ്ടാക്കാമായിരുന്നു എന്ന് പറയുന്നത് കേട്ട

എന്റെ ഫ്രിഡ്ജ്
bhaai
"
503,0,"Poyi net kettada Naye 
Connected 
ഡൈലി നെറ്റ് ഉറ്റുന്ന ചങ്കിന്റെ നെറ്റ് ഇന്ന് ഒന്ന് എടുത്തപ്പോൾ ഞാൻ"
951,0,"Madhyamam
CricketWorldCup2023
The attendance today at Pune is 33.610. (ReSportz
Martin Joseph Koottummel
ഇന്ത്യാ-ബംഗ്ലാദേശ് മത്സരത്തിൽ എന്ത് ഒഴിഞ്ഞ് കിടക്കുന്നെന്നാ പറഞ്ഞത്..??
മാധ്യമം.
THOM
എന്നാൽ ഞങ്ങളൊരു സത്യം പറയട്ടേ..?? ഞങ്ങൾക്ക് ഹമാസ് ഇസ്രായേൽ പോരാട്ടം റിപ്പോർട്ട് തുടങ്ങാൻ സമയമായി."
876,0,"ലൈൻ സൈറ്റായ ശേഷം പ്രതിജ്ഞ എടുക്കുന്ന മൂന്നാംക്ലാസ്സുകാരൻ
ഇന്ത്യ
എന്റെ രാജ്യമാണ്
എല്ലാ
ഇന്ത്യക്കാരും
എന്റെ
സഹോദരന്മാർ
ആണ്"
237,0,"കാണാൻ ഭംഗിയില്ല കൈയിൽ പത്തിന്റെ പ്രേമിച്ചു നടക്കാൻ പുറത്തിറങ്ങാൻ സ്വാതന്ത്ര്യവും ഇല്ല ആകെയുള്ളതൊരു 
ഫോണ. അതേടുത്താ പിന്നെ വിട്ടിൽ വഴക്കാം ഇതാണ് എന്റെ അവസ്ഥ കൃഎന്താല്ലേ ?"
391,0,"കോളേജിൽ പുതിയ പെൺകുട്ടി വന്നാൽ
Girls
© സനൽ
എടീ..അപ്പുറത്തെ ക്ലാസ്സിലെ ആ പുതിയ കൊച്ചിന്റെ പേരെന്താ ?
Boys

അളിയാ..അപ്പുറത്തെ ക്ലാസ്സിലെ പുതിയകൊച്ചിന്റെ പേര് അശ്വതി..വീട് കോട്ടയം..അച്ഛൻ ഗൾഫിൽ..നായർ ആണ്..ചേട്ടൻ ഇല്ല..ഫേസ്ബുക്കിൽ ഉണ്ട്. ange"
39,1,"ശരാശരി രക്ഷകർത്താക്കൾ മകളുടെ വിദ്യാഭ്യാസം ജോലി, ഭാവി. ഇഷ്ടങ്ങൾ TR S മകളുടെ ജാതകം നോക്കിയപ്പോൾ പതിനെട്ടാം 
വയസിൽ ഒരു മംഗല്യ യോഗം ഉണ്ട് അത് കഴിഞ്ഞാൽ പിന്നെ നാൽപ്പതിലേ ഉള്ളൂ എത്രയും പെട്ടന്ന് കല്യാണം നടത്തണം"
787,0,"“അടിയന്തരാവസ്ഥക്കാലത്ത് ജയിലിൽ കിടന്നിട്ടുണ്ട്, പിന്നല്ലേ ഇഡി
അറസ്റ്റിനെ ഭയക്കുന്നില്ല'
- എംകെ കണ്ണൻ

അന്നും ബാങ്ക്
കൊള്ളയ്ക്കായിരുന്നോ കിടന്നത്"
849,0,"
(maturity queen)
ഞാൻ
ജീവിതത്തെക്കുറിച്ച് നിനക്കെന്തറിയാം..? ഒരു കിലോ അരിയുടെ വില എന്താണന്നെങ്കിലും നിനക്കറിയാമോ..?

ഓ.. എന്നാൽ അരക്കിലോ പരിപ്പിന്റെ വില എത്രയാ പറ..?

ഏത് അരിയുടെ വേണം..? സുരേഖ, മട്ട, പൊന്നി, ജയ, കുറുവ... അതോ ജീരകശാലയുടെയോ
തുവര പരിപ്പ്, കടല പരിപ്പ്, ഉഴുന്ന് പരിപ്പ്,പീസ് പരിപ്പ്, മൈസൂർ പരിപ്പ്.. ഏതിന്റെയാ അറിയേണ്ടത്. പറയാം.
അത്..ജബ ജബ എന്നാ പറ ഒരു പാക്കറ്റ് സാമ്പാർ പൊടിക്ക് എന്ത് വില വരും.?! |

ബ്രാഹ്മിൻസ്, ഈസ്റ്റേൺ, ഡബിൾ ഹോഴ്സ്, KT,സാറാസ്, നിറപറ.. ഏത് കമ്പനിയുടെ പൊടിയാ.. ഏതായാലും 50 അടുത്ത് വരും. പല വിലയല്ലേ
അല്ല പിന്നെ."
438,1,എല്ലാ അപകടത്തിനും കാരണം പകച്ചു പോയ് എന്റെ ഡ്രൈവിംഗ് :-0
21,1,"ഗ്രേറ്റ് ഇന്ത്യൻ കിച്ചൻ സിനിമക്ക് അനുകൂലമായി ഇക്ക സംസാരിക്കണ കണ്ടില്ലേ.. ഇവിടുത്തെ പണിക്ക് ഇക്കയോട് ഒന്ന് സഹായിക്കാൻ പറഞ്ഞാലോ.. ? 
അങ്ങനെ പണ്ട് ഞാനൊന്ന് പറഞ്ഞതിന്റെ ഫലം ആണ് നിങ്ങൾ രണ്ടെണ്ണം ഇവിടെ വന്നത്... ഇനി നാലാമതൊന്ന് കൂടി വേണോ"
957,0,*ഷിബു ലിയോ ഡാ നിന്റെ അണ്ണൻ ഇന്നലെ മന്ദി ലീഗിൽ ഫ്രീകിക്ക് അടിച്ചു എന്നൊക്കെ കേട്ടല്ലോ *സുനി സിആർ എടാ നീ വേകം ഗൂഗിളിൽ പോയി മയാമി യുടെ സ്കോർ ചെക്ക് ചെയ്യ്
257,0,"ഞാൻ ക്ലാസ് തുടങ്ങി നീ ആദ്യം കേരള വേണ്ട നിര് ഇന്നലെ ഞാന എന്നു ഞാനൊരു കാര്യം എന്നാ ഇന്നെനി 
കോണ്ടം ആരാണാ ചങ്ക്?"
40,1,കല്യാണത്തിന് ശേഷം അഡ്ജസ്റ്റ്മെന്റ് ചെയ്യണം എന്ന് പറഞ്ഞപ്പോൾ ഇത്രക്ക് പ്രതീക്ഷിച്ചില്ല
864,0,"
ചാക്കിലോട്ടത്തിൽനിന്ന് പിന്മാറി; സംസ്കൃത കോളജിൽ CPM നേതാവിന്റെ മകനെ എസ്എഫ്ഐക്കാർ മർദിച്ചു
സ്വന്തം സ്വാതന്ത്ര്വത്തിൽ തിരുമാനം എടുത്ത പയ്യൻ
SFIO *
ചാക്കിലോട്ടത്തിന് പേര് കൊടുത്തിട്ട് നി പിഞാറിക്കളയും അല്ലെടാ ...
"
69,1,"മുൻതൂക്കത്തിന്റെ കാര്യത്തിൽ ഇതിനെ വെല്ലുന്ന ഒരു കോംബോ | സീരിയൽ ഹോസ്റ്റിങ് സിങ്ങിങ് മലയാളത്തിൽ അത് ഇനി 
സ്വപ്നങ്ങളിൽ മാത്രം..!!"
64,1,"മോളെ എന്റെ പച്ചക്കല്ലിൽ ഇന്ദ്രനീലം പതുപിച്ച മാല കണ്ടോ..? ഇല്ല അമ്മേ കണ്ടില്ല..!  
ഈശ്വരാ അതില്ലാതെ ഞാൻ എങ്ങനെ പാത്രം കഴുകാൻ പോകും.. ഇത് എന്ത് വിധി..!"
77,1,ഹണി റോസ് ഹൈ സ്കൂൾ ടീച്ചർ ആയിരുന്നെങ്കിൽ ക്ലാസ്സിൽ ആബ്സെസ്റ്റ് ഉണ്ടാവില്ല..  ധ്യാൻ ശ്രീനിവാസൻ
19,1,"# ഭാര്യ  ഇക്കാ ഞാൻ 4-5 ദിവസം എന്റെ വീട്ടിൽ പോയി നിക്കട്ടെ അവിടെ ഉമ്മ ഒറ്റക് ഉള്ളു.
 #ഭർത്താവ് അള്ളായ് നീ പോയാൽ ഞാൻ ഇവിടെ . ഒറ്റക്ക് ആവില്ല.. കുഴപ്പമില്ല നിനക്ക് പോകാൻ ആഗ്രഹം ഉണ്ടെങ്കിൽ പൊക്കോ"
92,1,സ്ക്രാച്ച് കാർഡ് കിട്ടാൻ അടുത്ത വീട്ടിലെ ചേച്ചിക്ക് ഗൂഗിൾ പേയിൽ 1000 അയച്ച ശേഷം *ഞാൻ  ചേച്ചി ഇതൊന്ന് തിരിച്ചയച്ചെ...  പൈസയായിട്ട് തന്നെ വേണോടാ..?
546,1,ഭർത്താവ് ഒരു തുണ്ടുപടക്ളീഷേ.. മോളേ.. നീ റൂമിൽ എന്തെടുക്കുവാ !!.. *ഭാര്യ *ഞാൻ ഡ്രസ്സ് മാറുവാ ചേട്ടാ... ആഹ്.. ഇപ്പോൾ വരാം
707,1,"ഇവളെയൊക്കെ ആണ് അക്ഷരം തെറ്റാതെ വെണ്ണ കുട്ടി"" കഴപ്പി"
106,1,"നമ്മുടെ മുത്ത് സ്നേഹയെ
കളിച്ചവരുടെ ഭാഗ്യം"
623,1,ഇപ്പൊ ഉള്ളവൾമാരോക്കെ വരുന്നതിന് മുന്നേയുള്ള മലയാളത്തിന്റെ യഥാർത്ഥ കരിംപൂറി പ്രിയാമണി തന്നെയാണ്
165,0,"തമിഴ് മാരി•  
മാരി..കൊഞ്ചം നല്ല മാരി,ാമ്പ തറ മാരി..
• മലയാളം മാരി
മാരി..
സ്നേഹ കടൽ മാരി,ആലി പഴം മാരി"
174,0,College ൽ എന്തെങ്കിലും അടി ഉണ്ടാവുമ്പോൾ നിൽക്കുമ്പോൾ കൂട്ടത്തിൽ ഒറ്റയ്ക്ക് നിൽക്കുമ്പോൾ
750,0,"മുഖ്യമന്ത്രി
ഉൾപ്പെടെയുള്ളവർക്ക് വിദേശയാത്രയ്ക്ക് കേന്ദ്രാനുമതിയില്ല
ലോക കേരളസഭാ സൗദി മേഖലാ സമ്മേളനം മാറ്റി
കാറിൽ ഭാര്യ ഇരിക്കുന്നെടാ
"
891,0,"ഗാങ്ങുമായി വരുന്നവനാണ് ഗാങ്ങ്സ്റ്റർ..
അവൻ ഒറ്റക്കാണ് വന്നത്..!!
മോൺസ്റ്റർ…"
447,0,"ലെ മൊതലാളി  മ്മക്ക്..  കലാം സാറിനോട്ള്ള ആദരസൂചകായിട്ട്.. ടെ കട ഞാറാഴ്ചം കൂടി അങ്ങട് തൊറന്ന്.. പ്രവർത്തിച്ചാലോ അഭയാ..? 
ലെ തൊഴിലാളി  മൊതലാളി ….."
155,0,"അച്ഛൻ * നി നാളെ രമേശന്റെ മോൾടെ കല്യാണത്തിന് പോകണം എനിക്ക് നാളെ സമയം 
*മകൻ ഇല്ല.. *അച്ഛൻ നിനക്കെന്താ പോയാൽ 
*മകൻ എന്നെ കൊണ്ട് പറ്റില്ല അച്ഛൻ പോയാ മതി പച്ചക്കറി സദ്യ ഉള്ളിടത്തോക്കെ ഞാൻ പോകണം ബിരിയാണി ഉള്ളിടത്തോക്കെ അച്ഛൻ പോകും."
152,0,മേരി.. എന്താ ഷാജിയേട്ടാ..? പോരുന്നോ എന്റെ കൂടെ..?! ഇല്ല ഷാജിയേട്ടാ ഞാൻ | വരുന്നില്ല..!
60,1,"ഇത് 'ഹണിറോസ് മറ്റുള്ള നടിമാരെ പോലെ പുറത്തുപോയി നല്ല കളി കളിച്ചിട്ട് സ്വന്തം നാട്ടിൽ തിരുവസ്ത്രം അണിഞ്ഞു നടക്കാറില്ല
കാണിക്കേണ്ടത് ഇവിടെ ആയാലും പുറത്തായാലും ഒരു മടിയും കൂടാതെ കാണിച്ചിരിക്കും"
453,1,"മീൻ മുള്ളിന്റെ ഒരു കമനീയ ശേഖരം എന്റെ പെട്ടിയിലുണ്ട്. അതെന്തിനാ ചേച്ചീ..? 
ചെറുപ്പം മുതലേ അമ്മ ഉപദേശിക്കുമായിരുന്നു മീനിന്റെ മുള്ള് സൂക്ഷിക്കണം എന്ന്"
288,0,"സ്റ്റോപിൽ ഒരു യാത്രക്കാരൻ കയറാനായി കൈ കാണിക്കുന്നതുകണ്ട..
പ്രൈവറ്റ് ഡ്രൈവർ
സ്റ്റോറുവരെയുള്ള ആളായിരിക്കണേ..!!

KSRTC ഡ്രൈവർ
പുല്ല്.. ആ ഫ്ലോ അങ്ങുപോയി..!!"
797,0,"
സിപിഎം
ബിജെപി
ഞങ്ങളെ തേച്ചതാണല്ലേ..?!"
10,1,"അമ്മായിയമ്മ
മോനേ..എന്റെ മോളായോണ്ട് പറയുവാ. പ...ഭയങ്കര വാശിക്ക
അവളെന്തേലും ആഗ്രഹിച്ചിട്ട് കിട്ടാതെപോയാൽ പിന്നെന്തേലും നശിപ്പിച്ചാലേ അവളടങ്ങു
തലേന്ന് വത്സൻ കൊടുക്കാത്തതിന് മുളക് കറി കഴിച്ചിട്ട് കട്ടിലിൽ
കെട്ടിയിട്ട് Bj കിട്ടിയ
ലെ ഭർത്താവ്"
506,0,ഇന്ത്യക്ക് എതിരെ റൺ മല കേറ്റണമെങ്കിൽ നീയൊക്കെ ഒന്നുടെ വളരണം
313,0,"വിവാഹ വാഗ്ദാനം നൽകി പണം തട്ടി; അശ്വതി അച്ചു പിടിയിൽ.. See more
വിവാഹ വാഗ്ദാനം നൽകി പണം തട്ടി
അറസ്റ്റിലായത് അശ്വതി അച്ചു


*കോഴിചങ്ക്
അശ്വതി അച്ചു പിടിയിൽ...!"
690,1,അന്നേ പറഞ്ഞതല്ലേ ഇവൾ നമ്മുടെ പാൽ കുറേ കളയുമെന്ന് ആഗ്രഹങ്ങൾ ശരീരം കൊണ്ട് ഫീൽഡിൽ പിടിച്ച് നിക്കാൻ നോക്കുന്നതുകൊണ്ട് ഇതിനേക്കാൾകൂടിയത് വരാൻ പോകുന്നതേയുള്ളു
822,0,"ഫെനി ബാലകൃഷ്ണൻ അന്താരാഷ്ട്ര ഫ്രോഡാണ്'; വെള്ളാപ്പള്ളി നടേശൻ

വീരപ്പൻ ഭൂലോക കള്ളനാണെന്നു ബണ്ടി ചോർ"
200,0,"പാസം പറത്തൽ ക്യൂട്ട് റൊമാൻസ് സ്ഥിരം സ്റ്റൈൽ ഇതിൽ എന്താ വെറൈറ്റി ഉള്ളത് ? ഇതിൽ ആരെയും രക്ഷിക്കുന്നില്ല 
അത് തന്നെ വെറൈറ്റി"
416,1,ഇന്ന് ആർക്ക് കളി കൊടുക്കണമെന്ന് നോക്കുന്ന *ചങ്കത്തി  കാമുകൻ  ഭർത്താവ്
53,1,"#Lover 1 9:00 am കാമുകി നമ്മുക്ക് ഇന്ന് ഒരു trip പോയാല്ലോ? ഇന്ന് പറ്റില്ലെടാ, വീട്ടിൽ കുറച്ച് പണി ഉണ്ട് 
#Lover 2 എത്ര നേരമായി ഞാൻ wait ചെയ്യുന്നു, നി എവിടെ ആയിരുന്നു 11:00 am #കാമുകി വീട്ടിൽ എന്ത് പറഞ്ഞ് ഇറങ്ങാനാ, പിന്നെ combine study എന്നും പറഞ്ഞ് ഇറങ്ങി, എപ്പോഴും ഇത് പറ്റില്ലാട്ടോ 
#Lover 3 4:00pm #കാമുകി മുത്തേ കുറേ നേരം ആയോ, വീട്ടിൽ കുറച്ച് പണി ഉണ്ടാർന്നു, എപ്പോഴും ഇത് പറ്റില്ലാട്ടോ"
276,0,"നോമ്പുകാരൻ

എടാ
ഡാ %$@#%% നീ ആരാന്നാടാ
ഡാഷ് മോനെ നിന്റെ വിചാരം
നീ പോടാ പട്ടി തെണ്ടി പന്നി നാ%$#$$% മോനെ
എടാ നോമ്പ് തീർന്നാ"
790,0,"
കരുവന്നൂർ കേസ്
പി.ആർ. അരവിന്ദാക്ഷൻ | ഇ ഡി കസ്റ്റഡിയിൽ

കരുവന്നൂർ കേസ്
പി.ആർ. അരവിന്ദാക്ഷൻ ഇ ഡി കസ്റ്റഡിയിൽ

ഡയറക്ടർ ഓ
भारत सरकार

അമ്പറിക്കാ ED ക്കു ചെസ്സ് നമ്പർ ഇട
PV അൻവർ
ഡേയ്..ചുമ്മാ ഇരിയുടെയ"
640,1,കല്യാണ ദിവസം പോലും ചടങ്ങിന് വന്നവരെ കമ്പിയാകുന്ന ട്രോൾ നടിമാർ ചേച്ചിമാർ എല്ലാ നാട്ടിലും കാണും
791,0,"
കരുവന്നൂർ കേസ്
പി.ആർ. അരവിന്ദാക്ഷൻ | ഇ ഡി കസ്റ്റഡിയിൽ
DIRECTORATE
भारत सरकार
Govt
00000 asianetnews.com
കരുവന്നൂർ കേസ്
പി.ആർ. അരവിന്ദാക്ഷൻ ഇ ഡി കസ്റ്റഡിയിൽ
DIRECTORATE
ഡയറക്ടർ ഓ
भारत सरकार
Govt
COCHIN A
om
മലയാളം
അമ്പറിക്കാ ED ക്കു ചെസ്സ് നമ്പർ ഇട
PV അൻവർ
ഡേയ്..ചുമ്മാ ഇരിയുടെയ"
654,1,ഇതൊക്കെ കണ്ടിട്ട് പൾസർ മാത്രമല്ല വല്ല ടിപ്പറും കയറിയില്ലെങ്കിലെ അത്ഭുതമുള്ളു
229,0,"പരീക്ഷ പേപ്പർ കാണിക്കുമ്പോൾ ടീച്ചർ 2 തവണ തന്റെ പേര് വിളിച്ചപ്പോൾ * പഠിപ്പി ചങ്ക്
*ഉഴപ്പാൻ ചങ്ക് പരീക്ഷ എഴുതിയിട്ടും ടീച്ചർ പേര് വിളിക്കാത്ത"
523,0,"നമ്മുടെ നാട്ടിൻപുറത്തൊക്കെ കണ്ട് പരിചയമുള്ള ഒരു സാധാരണക്കാരൻ ചേട്ടൻ ടൈപ്പ് ക്യാരക്ടർ
അത് വിനയ് ഫോർട്ട് നല്ല കിടിലനായിട്ട് ചെയ്ത് വെച്ചിട്ടുണ്ട്
സോമന്റെ കൃതാവിലൂടെ…"
473,1,ഒരു ടൂർ ബസ് അവലോകനം #അവളുടെ കാമുകൻ
593,1,അധികമൊന്നും കാണിച്ചിട്ടില്ലെങ്കിലും ഈ അമ്മയെയും 3 മക്കളെയും കാണുമ്പോൾ നാലെണ്ണത്തിനെയും മാറി മാറി പൂറിലും ചന്തിയിലും അടിക്കാൻ തോന്നുന്നത് ഇനി എനിക്ക് മാത്രമായിരിക്കില്ല
935,0,"കോവിഡിന് മരുന്ന് കണ്ടുപിടിച്ചെന്ന് പതഞ്ജലി ...
6 days ago 'പതഞ്ജലി
മരുന്നിന്റെ പേര് "" ആദരാഞ്ജലി എന്നായിരിക്കും"
862,0,"
ലൈക്കടിച്ചു നോക്കു ഇയാൾ നേരെ നിക്കുന്നത് കാണാം
7.8K
99 comments 18 shares)
ലൈക്കടിച്ചു നോക്കു ഇയാൾ നേരെ നിക്കുന്നത് കാണാം
7.8K


ചമ്പൂർണ്ണ ചാച്ചരതം..!!"
894,0,"""ലെ ഇന്റർവ്യൂവർ
We will inform you later
നൈസായിട്ടങ്ങ് ഒഴിവാക്കിക്കളഞ്ഞല്ലേ.?
*നമ്മൾ"
314,0,"പരിചയക്കാർ ഉള്ളപ്പോൾ കടയിൽ നിന്നും സിഗരറ്റ് വാങ്ങിക്കുന്ന..
അയൽവാസികൾ
ചേട്ടാ സ്വർണ്ണ അരിപ്പ ഉണ്ടോ?
*ഞാൻ
കടക്കാരൻ*
മലയാളം മാസ്റ്റേഴ്സ്

ഇല്ലടാ... കത്രിക മതിയോ?"
564,1,പെണ്ണുങ്ങൾ വീഗാലാന്റിൽ പോകുന്നത് വെള്ളത്തിൽ കളിക്കാൻ ആണെങ്കിൽ ആണുങ്ങൾ പോകുന്നത് അവളുമാർ വെള്ളത്തിൽ കളിക്കുമ്പോൾ മുലയും ടോപ് പൊങ്ങുമ്പോൾ ജട്ടിയും ചന്തിയുടെ വിടവും കാണാനാണ്
930,0,"റിലീസ് നടത്തിയിട്ടും
130സ്ക്രീനിൽ 300ഓളം ഡെയിലി ഷോസോടെ
നാലാം വാരത്തിൽ കണ്ണൂർ സ്ക്വാഡ് വിജയ കുതിപ്പ് തുടരുന്നു"
89,1,"കുറച്ചു നാൾക്കുശേഷം ഇൻസ്റ്റയിൽ ഒരു ഫോട്ടോ ഇട്ട ചങ്കത്തി  
ഡാ..അവര് പറയുവാ..ഇത് കിടിലം makeover ആണെന്ന്  
*ഞാൻ Makeover എന്നായിരിക്കില്ല Makeup over എന്നായിരിക്കും"
624,1,നമ്മുടെ അടുത്ത് ഏതൊരു കിടിലൻ പെണ്ണ് വന്ന് ഇങ്ങനെ നിന്നാലും അവളുടെ ടോപ്പിൽ കൂടെ കാണാവുന്ന ചാൽ കാക്കുന്നവരാണ് നമ്മൾ ആണുങ്ങളെല്ലാം
26,1,"ഒരു തരിപോലും ആ കൊഴുത്ത ശരിരം തുറന്ന് കാണിക്കാതെ തന്നെ നിഷ ചേച്ചി നമ്മളെ കമ്പിയാക്കുന്നുണ്ടെങ്കിൽ ആ 
കഴിവും കഴപ്പും സമ്മതിച്ചേ പറ്റു"
743,0,"റിസ്വാൻ

ബാബറിയ്ക്കാ നമ്മൾ ജയം സമർപ്പിക്കുന്നതും കാത്തു ലവന്മാർ ഇരിക്കുന്നു...ഞാൻ ഇപ്പോൾ എന്താ ചെയ്യ്..
* ഹമാസ്


Navaneeth Krishnan"
834,0,"മിണ്ടാതെ ആയിട്ട് എത്ര ദിവസം ആയിന്നു പറഞ്ഞാണ് ചാനൽ ചർച്ച..
shaa nu
22 ദിവസം
8 years nuo…"
532,0,"സെന്റി അടിച്ചാൽ പെട്ടെന്ന് വീഴ്ത്താം എന്ന് കേട്ടിട്ട് ക്രഷിനെ പ്രൊപ്പോസ് ചെയ്യാൻ രണ്ടെണ്ണം അടിച്ചിട്ട് പോയ ചങ്ക്
എന്റെ
അച്ഛൻ മൂന്നാം ക്ലാസ്സിൽ പഠിക്കുമ്പോഴായിരുന്നു എന്റെ മരണം"
221,0,ഒറ്റപ്പെടലിന്റെ വേദന  ഒറ്റപ്പെടലിന്റെ സുഖം
119,0,"ഈ സിനിമ കോടി ക്ലബ്ബിൽ കേറണമെന്നൊന്നും എനിക്ക് ആഗ്രഹമില്ല.. 335 കോടി മനസ്സുകളുടെ ക്ലബ്ബിലാണ് 
കേറേണ്ടത്..! ക്ഷമിക്കണം,ഒരു തെറ്റുണ്ട് 335 കോടി അല്ല 3.35 കോടി ആണ്. പറഞ്ഞപ്പോ കൂടി പോയി.. തളളിയതല്ല -"
135,0,"ലേ ചേട്ടൻ നീയൊന്നും കാണാത്ത ഒരു SSLC ഉണ്ടടാ, 600 ഇൽ 210 മാർക്ക് കിട്ടിയാൽ കണ്ണ് നിറയുന്ന SSLC ഗോപാലട്ടന്റെ
 പയ്ക്കൾക്ക് വരെ ഫുൾ A+ കിട്ടിയ ഈ SSLC യിൽ കിട്ടിയ മാർക്ക് കൊണ്ട് അച്ചന്റെ മുന്നിൽ ചീപ് ഷൈനിംഗ് കാട്ടിയാൽ 
പുന്നാര അനിയാ . . . . . ബി ടെക്കിനു സപ്ലി എഴുതി എഴുതി തഴംബിച്ച കയ്യാ... നീ വിവരമറിയും "
974,0,D. NUÑEZ * ഡാർവിൻ
90,1,Watching വട ചെന്നൈ എന്ന് സ്റ്റാറ്റസ് ഇട്ട ശേഷം * ചെന്നൈയിൽ താമസിക്കുന്ന ചങ്ക്
450,1,"എയർ ഹോസ്റർ ആയപ്പോ എന്നെ തേച്ച കാമുകി നിനക്ക് ഇപ്പോഴും പഴയ ഡ്രൈവർ ജോലി തന്നെ ആയിരിക്കും അല്ലെ
ഞാൻ
അതേടി ഞാൻ ഡ്രൈവർ തന്നെയാ
നീ ഇപ്പോൾ കയറാൻ പോകുന്ന വിമാനത്തിന്റെ "
880,0,"ഇന്ത്യയിലെ ഏറ്റവും വലിയ മാളാണ് ഇല്ല അത് സ കൊച്ചിക്കാരുടെ സ്വകാര്യ അഹങ്കാരം ആണ് മച്ചാനേ
ക്കാ... അത് 1700000 sqftൽ കെട്ടി പൊക്കിയത് നമ്മുടെ തൃശ്ശൂർക്കാരൻ ഗഡിയാട്!! ആ നമ്മളോടാണോ ഈ ഡയലോഗ്
ശരിക്കും
നിങ്ങളിയുന്ന തൃശ്ശൂരിന്റെ ശില്പിയർ പൂരം തുടങ്ങിവച്ച് ഇദ്ദേഹം ഒരു ഏറണാകുളംകാരനാണ് അത്രേം വരില്ലല്ലോ ഒരു മാൾ ഉണ്ടാക്കിയത്

BAN) 1751"
377,0,"16 ആം വയസ് മുതൽ ഷേവ് ചെയ്തു തുടങ്ങി, അവസാനം 26 ആം വയസിൽ രണ്ട് രോമം മുളച്ചു വന്നു...
ലെ ഞാൻ
അതാണെങ്കിൽ നരച്ചതും."
216,0,"പുലിമുരുകൻ കണ്ടതിനു ശേഷം വീട്ടിലെ പട്ടിയെ കയറിൽ കെട്ടി മലത്തിയടിച്ചു 
ഇപ്പൊ പൊക്കിളിനു ചുറ്റും 14 ഇഞ്ചക്ഷനും എടുത്ത് സുഖമായി വിശ്രമിക്കുന്നു.. ശുഭം"
615,1,മലയാളത്തിലെ നടിമാർക്കെല്ലാം കൊടുത്ത വാണത്തിന്റെ ഇരട്ടി ഇവളുടെ വീഡിയോ ഒരുതവണ കണ്ടാൽ നമ്മൾ കൊടുത്തുപോകും എന്നതാണ് ഈ കൂത്തിച്ചിയുടെ വിജയം
870,0,"പണ്ട് ഇന്ത്യ-പാക്കിസ്ഥാൻ കളി വരുന്നതിനു 2 ആഴ്ച മുന്നേ തന്നെ..

""കലക്കൻ കളി ആവും. അക്തറിനെ സച്ചിൻ കേറി മേയും ... കാത്തിരിക്കാൻ വയ്യ""
ഇന്ന് ഇന്ത്യ പാകിസ്താൻ കളി ഉള്ള ദിവസം രാവിലെ
ലെയാളം

ഇന്ന് കളി ഉണ്ടായിരുന്നോ.."
173,0,"ഒരു സ്കൂൾ Assembly ഉപദേശ പ്രസംഗം msoom Principal പ്രസംഗം കേൾക്കുന്ന ഉഴപ്പന്മാർ  അലമ്പുണ്ടാക്കുന്നവനെ നോക്കുന്ന 
Class teacher കാമുകിയുടെ തൊട്ടടുത്ത Rowൽ നിൽക്കുന്നവൻ തല കറങ്ങി വീഴുന്ന പെൺകുട്ടികൾ അവരെ എടുത്തുകൊണ്ട് 
പോകുന്ന Teachers"
466,1,ഈ ഡെന്റൽ ക്ലിനിക്കിനെക്കുറിച്ച് അറിയാവുന്നവർ എന്നെ അറിയിക്കണേ.. രണ്ടല്ല. മുപ്പത്തിരണ്ടു പല്ലും എടുക്കാനാ...
575,1,മലയാള സിനിമയിലെ മേനോത്തികൾ അഥവാ മുലച്ചികൾ
180,0,"ലെ ചേട്ടൻ # നി മുടിവെട്ടാൻ അച്ഛന്റെ കൂടെ പോകണ്ട കേട്ടോ ? എന്നിട്ട് ചേട്ടൻ അച്ഛന്റെ കൂടെ ആണല്ലോ പോയി 
വെട്ടിയത്. അതിൽ ഞാനിന്നു ഖേദിക്കുന്നു..."
975,0,സകൃതകൃതാവയ നാട്ടുകാരെ ശ്രദ്ധിക്കുക.ബ്രസീൽ ജേഴ്സിയിൽ ആയതു കൊണ്ട് മിന്നുന്ന പ്രകടനം ഇന്ന് ഉണ്ടായിരിക്കുന്നതല്ല
247,0,"പരീക്ഷക് പഠിക്കാൻ ഇരിക്കുന്ന ഞാൻ പെട്ടന്ന് എന്റെ ചിന്ത ചിട്ടി റോബോട്ട് നെ പോലെ വേഗം പഠിക്കാൻ പറ്റിയിരുന്നെങ്കിൽ 
ശേഷം ഞാൻ yanthiran taml movie download english robot movie fight scene"
882,0,"കട്ട ഹീറോയിസം
1988ൽ SSLG ഇംഗ്ലിഷ് പരീക്ഷയിൽ ഇദ്ദേഹം പരാജയപ്പെട്ടു

ഇന്ന് ഇദ്ദേഹത്തെ കുറിച്ചാണ്
പത്താംക്ലാസ് ഇംഗ്ലീഷ് ടെക്സ്റ്റിലെ ആദ്യ"
70,1,"കമ്പി മുഖവും ആരെയും മയക്കുന്ന ചന്തിയും മുലയും ഇതെല്ലാം എങ്ങനെ കാണിച്ചു കൊതിപ്പിക്കണമെന്നും അറിയുന്ന ഒരേ ഒരു താത്തച്ചി
അത് ഷംന താത്തച്ചി മാത്രമാണ്."
938,0,"ഒരു പൂർവവിദ്യാർത്ഥി സംഗമം !!
*ഉഴപ്പൻ
ഗൾഫിൽ പോയി പൈസ ഉണ്ടാക്കിയ ഉഴപ്പൻന്റെ മാസ് ഇൻട്രോ... കണ്ട...
അവനെ പണ്ട് തേച്ച ഇപ്പോഴും ജോലി കിട്ടാത്ത പഠിപ്പി
കാമുകി
ഒരിക്കലും നന്നാവില്ല എന്നുപറഞ്ഞ
ഉഴപ്പൻന്റെ ചങ്ക്
കണക്ക് സാർ
P. T. സാർ"
175,0,"ഞാൻ ടാ അവളെ സ്നേഹിക്കുന്ന 10-20 എണ്ണത്തിൽ ഒരുത്തൻ മാത്രാണ് നീ... ക്ലാസ്സിലെ സുന്ദരിയായ 
പെണ്ണിനെ ലൈൻ അടിക്കുന്ന ചങ്ക്* അവളെ പോലെ 10-20 എണ്ണത്തെ hot നോക്കുന്ന എന്നോടോ ചങ്കേ....."
475,1,"*കാമുകൻ ഇന്നലെ രാത്രി വിളിച്ചപ്പോ ബിസി ആയിരുന്നു ! *കാമുകി അത് ഞാൻ അമ്മയോട് സംസാരിക്കുവാ  *കാമുകൻ പിന്നെ നീ ഇങ്ങോട്ടു വിളിച്ചും ഇല്ല ! *കാമുകി ഓ ! അത് ഞാൻ ഉറങ്ങിപോയി 
*കാമുകൻ വാട്സ്ആപ് ലാസ്റ് സീൻ ഓഫാനല്ലോ  *കാമുകി അത് ! അത് റിലേറ്റീവ്സ് കാണില്ലേ അല്ലേൽ 
വേദനയോടെ ആ സത്യം ഞാൻ മനസിലാക്കി  തേപ്പ്"
84,1,"പണ്ടത്തെ ഗേൾസ് ഇന്നത്തെ ഗേൾസ് പരീക്ഷക്ക് തോറ്റാൽ… ആ പോട്ടെ പുല്ല്
അമൽ തേപ്പ് കിട്ടിയാൽ ആ next..."
553,1,കുളിച്ചു കഴിഞ്ഞു വരുന്ന കസിന്റെ നനഞ്ഞ മുടിയും ഷാൾ ഇല്ലാതെ തള്ളി നിൽക്കുന്ന മുലയും വീർത്ത ചന്തിയും കാണാൻ ഒരു പ്രതേക ഭംഗിയാണ്.
967,0,$260M $135MXBTO EAL $112M Jahez മറ്റു ഫാൻസ്## $110M Cr haters ** ഇൻസ്റ്റാ ഗോട്ട് മുടിഞ്ഞുപോട്ടെ
111,1,"രാവിലെ ഉറക്കം എണീറ്റു പോകാൻ തുടങ്ങിയപ്പോൾ നല്ല മൂഡാണെന്നു പറഞ്ഞു കെട്ടിയോൻ പിടിച്ചു കിടത്തി 
കലാപരിപാടികൾ കഴിഞ്ഞപ്പോൾ ഇത്തിരി നേരം കെട്ടിപ്പിടിച്ചു കിടക്കാമെന്ന് പറഞ്ഞപ്പോൾ എണീറ്റു പോയി 
ചായ ഇടടീ"" എന്നു"
583,1,എന്തൊക്കെ പറഞ്ഞാലും ഇരുണ്ട ചോക്ലേറ്റ് കളറും വട്ട മുഖവുമുള്ള പെണ്ണിന്റെ ശരീരം ആസ്വദിക്കാൻ - ആണുങ്ങൾക്കൊരു പ്രത്യേക സുഖമാ
143,0,"*അമ്മായി *വകയിലെ അമ്മാവൻ എന്നാലും ഇങ്ങനെയൊക്കെ വിളിക്കാവോ? എന്നെ എടാ എന്ന് വിളിച്ച് എന്റെ ഭാര്യ*  ഇത് എന്തോന്നടേയ് 
പ്രണയിച്ച് വിവാഹം കഴിച്ച്  ആ…."
248,0,"കോളേജും ഹോസ്റ്റലും ഒരാഴ്ച അവധി കിട്ടിയപ്പോൾ *ട്രിപ് ഭ്രാന്തൻ ഫ്രൻ്റ് എങ്ങോട്ടാ?  *ഞാൻ വീട്ടിലെക്കാ 
നമ്മുക്ക് ഹിമായലായത്തി പോവാന്നെ
എനിക്ക് വിട്ടിൽ പോയ മതി
ഹിമാലയത്തിൽ പോവാന്നെയ്
ഈശ്വരാ"
330,0,"ബ്രഹ്മപുരം തീപിടുത്തം കൊച്ചി കോർപ്പറേഷന്
100 കോടി രൂപ പിഴ
TIM gemperoll Meme Malayalam മാസ്റ്റേഴ്സ്
ശരിയ്ക്കും അഞ്ഞൂറാണ്, നൂറടച്ചാമതി...!
*ഹരിത
മേയർ
Troll Meme Malayalam"
994,0,GREATEST WORLD CUP PERFORMANCE OF ALL TIME CRISTIANO RONALDO VS  ZINEDINE ZIDANE VS KYLIAN MBAPPE 20 VS GREATEST WORLD CUP PERFORMANCE OF ALL TIME PICS) ഈ മാച്ചിൽ മൂന്ന് പേരുടെയും ഇജ്ജാതി കളി തന്നെ ആയിരുന്നു
828,0,"
ലാവലിൻ കേസ്
ഇനി ഒക്ടോബർ 10ന് പരിഗണിക്കും

എന്തിന്?"
99,1,"ആരാ ? അച്ഛൻ കണിയാനെ ഒന്ന് കാണാൻ വന്നതാ... 
കുറച്ച് നാളത്തേക്ക് വിദേശയാത്ര ഒന്നും ഉണ്ടാവാൻ സാധ്യത ഇല്ലാന്നാണല്ലോ കാണുന്നേ അതു ശരിയാ,
ഈ നാട്ടിൽ തന്നെ ചുറ്റി തിരിയാനാ സാധ്യത."
489,1,ഫേസ്ബുക്കിൽ പരിചയപ്പെട്ടവനോട് കളി തരാമെന്ന് പറഞ്ഞു. ഞാനേതോ ഹണിട്രാപ്പിലെ കണ്ണി ആണെന്ന് പറഞ്ഞു ബ്ലോക്ക് ചെയ്ത് പോയി
393,0,"ജൂനിയർ
*പെൺകുട്ടി
ചേട്ടാ ചേട്ടന് ലൈൻ ഉണ്ടോ
(ഒരു ക്ലാസ്സിൽ തന്നെ 3 ലൈൻ ഉള്ളവൻ)
ഓ എന്നെയൊക്കെ ആര് പ്രേമിക്കാനാ"
777,0,"
കരുവന്നൂർ പ്രശ്ന പരിഹാരം
കേരള ബാങ്ക് ഫ്രാക്ഷൻ എകെജി സെന്ററിൽ ചേരുന്നു
KERALA BANK 0000 asianetnews.com
Kerala State Co-operative Bank
TMM
കേരള ബാങ്കിന്റെ ഹെഡ് ഓഫിസ് AKG സെന്ററാണോ ??"
167,0,"#അമ്മാവൻ എന്ത് വൃത്തികേടുകളാ നിന്റെ ഫോണിൽ കിടക്കുന്നത്.നീ ഇത്തറിയും തഴം താഴ്ന്നു പോയോ. നിന്റെ അച്ഛൻ ഇങ് വരട്ടെ ഞാൻ എല്ലാം പറയുന്നുണ്ട്. 
ഞാൻ# എന്റെ കാര്യം എങ്ങാനും പറഞ്ഞാൽ അമ്മാവൻ ഫേസ്ബുക്കിൽ അശ്വതി അച്ചുവുമായി ചാറ്റിയ സ്ക്രീഷോട് ഞാൻ അമ്മായിക്ക് കാണിച്ചു. കൊടുക്കും. അശ്വതി അച്ചു എന്റെ ഫേക്ക് ആ അമ്മാവൻ# പ്ലിംഗ്"
508,0,"മഞ്ഞു നീങ്ങിയപ്പോൾ ശ്രീനിവാസനെ കാണാനില്ല കാട്ടാനകളെ തുരത്താൻ കൊണ്ടുവന്ന കുങ്കിയാന കാട്ടാനകൾക്കൊപ്പം 'ഒളിച്ചോടി'
--ചങ്ക് 42 വയസ്സ്(ഓട്രിമോണി അപേക്ഷകൻ
"
280,0,"അളിയാ.... എനിക്കെന്തെങ്കിലും പറ്റിയാൽ..

നിനക്കൊന്നും പറ്റില്ലടാ ഞങ്ങളൊക്കെയില്ലേ.
NOW
അഥവാ എന്തെങ്കിലും പറ്റിയാൽ എന്റെ ഫോൺ തല്ലിപ്പൊട്ടിച്ച് കളയണം.."
833,0,"TMM
ഇതാ നിങ്ങളുടെ പ്രതിഫലം. മുഴുവനും ഉണ്ട്.
ലക്ഷ്മിപ്രിയ,
കാശ് മിത്രം തരും...
AJK TROLLS
Martin Joseph Koottummel.
മലയാളം"
633,1,ഡിവോഴ്സിന് ശേഷം അമലയേക്കാൾ കുത്തിച്ചിയായ വേറൊരുത്തി ഉണ്ടോയെന്ന ചോദ്യത്തിനുത്തരമാണ് ശ്രിന്ദ പൂറിച്ചി
590,1,ഈ നാലുപേരിൽ ആരെ കിട്ടിയാലും എത്ര ദിവസം കളിച്ചാലും കേരളത്തിലെ ചെക്കന്മാരുടെ കാമം തീരില്ല എന്നുള്ളത് സത്യമാണ്
226,0,വിമാനം ടേക്ക്ഓഫ് / ലാന്റിങ്ങ് സമയത്ത് ... സാധാരണ യാത്രക്കാർ *le മോദിജി
614,1,എപ്പോ സിനിമകണ്ടാലും അണ്ടി എണീറ്റ് നിന്ന് സല്യൂട്ടടിക്കുന്ന സീൻ ഇതാണ് കുലുങ്ങി കുലുങ്ങി ഊരി തെറിക്കും എന്നുവരെ തോന്നിപോയി
443,1,പുല്ലുള്ളത് ആലയിലാണോ കവലയിലാണോ എന്ന് വിശക്കുമ്പോൾ പുല്ല് തിന്നുന്ന പുലി നോക്കാറില്ല
608,1,നമ്മുടെ എല്ലാരുടേം ആഗ്രഹം ഇതുപോലൊരു GF ഇനെ കിട്ടാനാണ് ട്രയൽ റൂമിലേക്ക് നമ്മളെയും കയറ്റി മൂഡ് ആക്കി അവളുടെ ശരീരത്തിൽ പിടിക്കാൻ സമ്മതിക്കുന്ന ഒരു GF
785,0,"TMM
അച്ഛാ എന്റെ റിസൾട്ട് വന്നു..
ഡിസ്റ്റിങ്ക്ഷൻ ആണോ അതോ ഫസ്റ്റ് ക്ലാസ്സോ
വീട്ടിൽ ഒരു കറുത്ത വറ്റ് ഉണ്ടെന്ന് കരുതി അച്ഛൻ..
TMM
പരീക്ഷക്ക് എട്ട് നിലയിൽ പൊട്ടിയിട്ട് വന്നു പഴഞ്ചൊല്ല് പറയുന്നോ..കടക്ക് പുറത്ത്.."
162,0,"ആദ്യമായി ഗൾഫിൽ വന്ന ഫ്രീക്കൻ കൊണ്ട് വന്ന അമ്മാവൻ എനിക്കിപ്പോൾ എന്റെ വീട്ടിൽ പോണം 
മോനെ നീ ഒരു മൂന്നാലു മാസം നിൽക്കു 4 മാസം കഴിഞ്ഞപ്പോൾ ഒരു 10 കൊല്ലം കൂടി പ്രവാസി ആവട്ടെ മാമാ സഭാഷ്  "
863,0,"അവൻ തോക്ക് എടുത്താൽ
ഞാൻ ഏറ്റു ടൈഗർ
ഷൂട്ടർ കമോൺ
ഒരു കൈയബദ്ധം ഇക്കും"
217,0,പായസത്തിന് രുചി പോര; വിവാഹ നിശ്ചയത്തിനിടെ കൂട്ടത്തല്ല് പപ്പട ലഹള *പായസ ലഹള
675,1,ഒരുത്തി ബിക്കിനി ഇട്ട് എല്ലാം കാണിച്ചു നിക്കുന്നതിനേക്കാൾ സുഖം നമുക്ക് അറിയാവുന്ന ഒരു പെണ്ണ് ഇതുപോലെ സാരിയും ഉടുത്ത് വയറും സൈഡ് മുലയും ഇടുപ്പും കാണിച്ചു നിക്കുന്നത് കണ്ടാൽ കിട്ടും എന്നതാണ് സത്യം
251,0,"എടീ നീ മാത്രം എന്താ എനിക്ക് രാഖി കെട്ടി തരാത്തത് ?
ഇതിൽ കൂടുതൽ ക്ലൂ എനിക്ക് ഇനി തരാൻ കഴിയില്ല... എന്താ കാരണം എന്ന് നീ തന്നെ മനസ്സിലാക്കിക്കോ...?
ചിലപ്പോൾ രാഖി തീർന്നു കാണും .."
94,1,ഹണിടെ കുണ്ടിയിൽ തൊട്ടു
81,1,"കല്യാണം കഴിഞ്ഞ് ആദ്യരാത്രിയിൽ പുതിയൊരു ജീവിതം തുടങ്ങുവല്ലേ എന്ന് വിചാരിച്ച് തന്റെ ചുറ്റിക്കളി എല്ലാം ഭാര്യയോട് ഏറ്റു പറഞ്ഞു..ഇപ്പൊ ഫോണിൽ ആര് വിളിച്ചാലും…
*ഭാര്യ മറ്റവളായിരിക്കും…"
913,0,"ദേശീയ അവാർഡ് കോർട്ട് മികച്ച ചിത്രം
COURT

കങ്കണ റണാവത്ത് നടി

സഞ്ചാരി വിജയ് നടൻ"
798,0,"
ഊരാളുങ്കലിന്റെ 82% ഓഹരിയും സർക്കാരിന്റേത്,
ഏത് പ്രവൃത്തിയും ഏറ്റെടുക്കാം കേരളം സുപ്രീംകോടതിയിൽ

എന്നാൽ പിന്നെ അതൊരു PWD ആയി പ്രഖ്യാപിച്ചു PSC വഴി നിയമനം നടത്തി കൂടെ.
"
978,0,മിന്നൽ വിനി അവരെ അങ്ങോട്ട് തിർത്തേക്കട്ടെ.. B. മാൾഡിനി f TMM FIRE A സൂപർ സബ് റോഡ്രി സുൽത്താൻ വേണ്ട. പരുന്തിനെ വീണ്ടും കാണാൻ ഉള്ളതാ
163,0,പണ്ടത്തെ nokia ഫോൺ താഴെ വീണാൽ വലിച്ച് എറിഞ്ഞാൽ  പട്ടിയെയോ ചങ്കിനെയോ ഓടിക്കാൻ എറിഞ്ഞാൽ
201,0,"കണക്ക്മാഷ് വിട്ടിനടുത്തുള്ള റേഷൻ കടയിൽ നിന്ന് ആൾക്കാർക്ക് അരി കൊടുക്കുന്നത് കണ്ട ഞാൻ 
ഹാലോ സപ്ലൈ ആഫീസ് അല്ലെ ഇവിടെ അരിപൂഴ്ത്തിവയ്ക്കുന്നു"
730,1,അവൾ ആരാണെന്ന് മനസിലാക്കാൻ അവളുടെ വട തന്നെ ധാരാളം ആയിരുന്നു
883,0,"ഞാൻ ഫുൾ ടൈം വാടുപ്പിൽ online ആണെന്ന് ആ പറഞ്ഞത്?
ഞമ്മള്
ഫുൾ ടൈം ആക്റ്റീവ് ആണെന്ന്
ആരാ പറഞ്ഞത്?
ഞമ്മള് തന്നെ
ഇതിലൊക്കെ ഞാൻ ഓൺലൈൻ | ആണെന്ന് ആരാ കണ്ടത്?
അതും ഞമ്മള്
ഇനി എ കോപ്പേ ആൽ ഫുൾ ടൈം ഓൺലൈൻ ഉള്ളത്?
അത് നിങ്ങള് !"
727,1,(June 19) ഒരു ശരാശരി കാജൽ ഭക്തന്റെ അന്നത്തെ ദിവസം രാവിലെ ഉച്ചയ്ക്ക് രാത്രി  മച്ചാനേ...അത് പോരാളിയാ...
116,0,"ഫ്യൂസ് ഊരൽ 01-07-2021 24 KSEB തുടരുന്നു മട്ടന്നൂർ ആർടിഓഫീസിലെ വൈദ്യുതി വിഛേദിച്ചു 57100രൂപ 
കുടിശ്ശികയെന്ന് കെഎസ്ഇബി ഏപ്രിൽ, മെയ് മാസത്തെ വൈദ്യുതി ബിൽ അടച്ചില്ല കണ്ണൂരിൽ എഐ ക്യാമറ നിയന്ത്രിക്കുന്ന ഓഫിസിന്റെ സുരി ക ഇതിൽ നിന്നും എന്ത് മനസ്സിലായി.. പത്ത് പാവങ്ങളുടെ വണ്ടി അധികം പിടിക്കും എന്ന് മനസ്സിലായി.."
581,1,"തെലുങ്കന്മാർ രാവും പകലും മാറി മാറി പണിയുന്നതിന്റെ മാറ്റമെല്ലാം കണ്ട് തുടങ്ങി  മുല തെറിച്ച് നിക്കുന്ന കണ്ടിട്ട് കുറേ
കുടിക്കുന്ന ലക്ഷണം ഉണ്ടല്ലോ "
240,0,"ഡി കാപ്രിയോയെ പോലെ ഭാഗ്യം കെട്ടൊരു മനുഷ്യൻ ലോകത്ത് വേറേ കാണില്ല അതെന്താ പുള്ളിക്ക് ഇത്തവണ 
ഓസ്കാർ കിട്ടിയല്ലോ .0. ദുബായ് ആറ്റുനോറ്റ് കിട്ടിയ ഓസ്കാറിന്റെ വാർഷികം ഒന്ന് ആഘോഷിക്കാൻ നാലു വർഷം കാത്തിരിക്കണ്ടേ ഹു.."
570,1,പ്രൊഡ്യൂസറിന്റെ മുറിയിൽ ചാൻസ് ചോദിക്കാൻ പോകുന്ന മിയ ശേഷം റൂമിൽ
298,0,"ആദിപുരുഷ്
പ്രദർശിപ്പിക്കുന്ന തീയറ്ററുകളിൽ ഹനുമാന് റിസർവ്ഡ് ഒരു സീറ്റ്
ആ സീറ്റിൽ ഇരിയ്ക്കരുത്...
എന്താ....
അവിടെ എന്നുമാൻ ഇരിപ്പുണ്ട്...!"
335,0,"ആറ്റുകാൽ പൊങ്കാലക്കിടെ ഗുണ്ടാ ആക്രമണം; ലുട്ടാപ്പി സതീഷിനെ വെട്ടി
അണ്ണന് ആ കുന്തം വെച്ച് ഒരു കുത്ത് . അങ്ങ് കൊടുത്തൂടായിരുന്നോ...
*ലുട്ടാപ്പി അണ്ണൻ"
567,1,ഇവളുടെ ശരീരത്തിലെ 50% വെയ്റ്റും ആ തുള്ളി തുളുമ്പുന്ന ചന്തികളിൽ ആയിരിക്കും എന്നത് തീർച്ചയാണ
941,0,"ഒരു സ്റ്റാഫ് റൂം അവലോകനം
പഠിപ്പി ലിഡർ
ടീച്ചർ
എന്താ..
MTM
മാസ്റ്റേഴ്സ്
A.MP
ഈ പിരിയഡ് ആളില്ല നമ്മൾ PT ക്ക് പോയ്യോട്ടേ
ആ പോയോ വേഗം കയറണം"
682,1,ഭർത്താവുള്ളപ്പോൾ ശരീരവും കാമചിരിയും കാണിച്ചു കൊതിപ്പിച്ചതും അങ്ങേര് പോയി കഴിയുമ്പോ കാല് കവച്ച് വെച്ച് തരുന്ന ഒരു ആന്റി എനിക്കും ഉണ്ടായിരുന്നു
612,1,എല്ലാവർക്കും കാണും ഇതുപോലെ സാരിയുടുത്താലും മോഡേൺ ഡ്രെസ്സിട്ടാലും കിടു ചരക്കായിട്ടുള്ള ഒരു കസിൻ
197,0,ചെറുപ്പത്തിൽ അച്ഛൻ വടി വെട്ടാൻ പുറത്തേക്ക് പോകുമ്പോൾ... * അനിയൻ കുഴപ്പമായോ... ചേട്ടൻ ആയെന്നാ തോന്നുന്നേ.
468,1,"നാളെ മുതൽ ലോക്ക്ഡൗൺ ആണെന്നറിഞ്ഞ ഭാര്യ അതെ നാളെ തൊട്ടു മാക്കഡൗൺ അല്ലെ സാധനങ്ങൾ വാങ്ങാൻ മറക്കേണ്ട
 *ഭർത്താവ് അരിയും സാധനങ്ങളും ഞാൻ കഴിഞ്ഞ ദിവസം അല്ലെ വാങ്ങിയത് *BJ0 ഞാൻ കഴിക്കാൻ ഉള്ളതിന്റെ കാര്യമല്ല മനുഷ്യാ പറഞ്ഞ"
452,1,"ഭാര്യയെ മക്കളുടെ മുന്നിൽവച്ച് കഴുത്തുഞെരിച്ച് കൊന്നു 
ഭാര്യയുടെ ഇൻസ്റ്റഗ്രാം ഫോളോവേഴ്സിന്റെ എണ്ണം കൂടിയതിലുള്ള അസൂയയാണ് കൊലപാതകത്തിന് കാരണമെന്ന് പൊലീസ്"
429,1,*കസിൻ ചേച്ചി CARMA എല്ലാരും ഉറങ്ങി കഴിഞ്ഞ് എന്റെ റൂമിൽ വന്ന..
643,1,ആന്റിയുടെ വീട്ടിൽ പോകുമ്പോൾ നല്ല ടൈറ്റ് ടോപ്പിട്ടു നടക്കുന്ന ആന്റിയെ കാണുമ്പോൾ അവർ അറിയാതെ ആ കൊഴുത്ത് കൂർത്ത മുലകളിൽ നോക്കി വെള്ളം ഇറക്കിയിട്ടുള്ളവരാണ് നമ്മ
988,0,അടുത്ത് ഒരാൾ യൂറോയിൽ രണ്ട് ഗോൾ അടിക്കുമ്പോ ബോൾ TMM ഞാൻ ഇവിടെ മിനിമം ഫസ്റ്റ് ഹാഫിൽ തന്നെ രണ്ടും അടിക്ക
329,1,"*സ്കൂളിലെ പൂർവ്വ വിദ്യാർത്ഥി
സംഗമത്തിന് പോകുന്ന
എൻറെ ഭാര്യ
"
146,0,"*ലെ സിംഹം ഒന്ന് ഒച്ച വച്ചിരുന്നെങ്കിൽ, ഒന്ന് നിലവിളിച്ചിരുന്നെങ്കിൽ ആ നിമിഷം ഞങ്ങൾ ഉണർന്നേ...."
514,0,"കോളേജ് കഴിഞ്ഞ് വൈകുന്നേരം മഴയത്ത് വീട്ടിലേക്ക് പോകുന്ന
എന്റെ
കുടകൊണ്ടുവന്ന ഞാൻ
"
759,0,"
""തട്ടമിടാതിരിക്കുന്നത് അഴിഞ്ഞാട്ടമാണ് മുസ്ലിം സ്ത്രീകളെ അഴിഞ്ഞാടാൻ വിടില്ല
ഉമർ ഫൈസി മുക്കം
""തട്ടമിടാതിരിക്കുന്നത് അഴിഞ്ഞാട്ടമാണ് മുസ്ലിം സ്ത്രീകളെ അഴിഞ്ഞാടാൻ വിടില്ല
ഉമർ ഫൈസി മുക്കം

ഓരോ ദിവസവും രുചി ഉള്ളതാകട്ടെ

ഓരോ ദിവസവും രുചി ഉള്ളതാകട്ടെ
that ായ്ലിയാർ
അപ്പോൾ തട്ടം ഇസ്ലാമിൽ ചോയ്സ് ആണെന്ന് പറഞ്ഞിട്ട്
അത് പിന്നെ...
TMM
തട്ടത്തിന്റെ കളർ ചോയ്സ് ആണ്.!!"
91,1,"നാട്ടിൽ അത്യാവശ്യം അറിയപ്പെടുന്ന ചേച്ചി ഒരു സുപ്രഭാതത്തിൽ ഒരു 3000രൂപ മറിക്കാനുണ്ടോടാ എന്ന് ചോദിച്ചപ്പോൾ 
ഒരു കളിക്കുള്ള വിളിയല്ലേടാ ആ കേൾക്കുന്നത്"
587,1,ഇതുപോലൊരു ഐറ്റം യോഗയെന്നും പറഞ്ഞ് വന്നുനിന്നാൽ പിന്നെ എപ്പോ കുണ്ണ പാന്റും കീറി പുറത്തു ചാടി എന്ന് ചോദിച്ചാൽ മതി
786,0,"TMM
അച്ഛാ എന്റെ റിസൾട്ട് വന്നു..
ഡിസ്റ്റിങ്ക്ഷൻ ആണോ അതോ ഫസ്റ്റ് ക്ലാസ്സോ
വീട്ടിൽ ഒരു കറുത്ത വറ്റ് ഉണ്ടെന്ന് കരുതി അച്ഛൻ..
TMM
പരീക്ഷക്ക് എട്ട് നിലയിൽ പൊട്ടിയിട്ട് വന്നു പഴഞ്ചൊല്ല് പറയുന്നോ..കടക്ക് പുറത്ത്.."
454,1,"പ്രേക്ഷക ഹൃദയങ്ങൾ കീഴടക്കി  Yessmaയുടെ പുതിയ വെബ് സീരീസ് ആവേശം"" സെക്കന്റ് എപ്പിസോഡ് 
Yessma ott platformൽ വിജയകരമായി മുന്നേറുന്നു"
613,1,ആവശ്യത്തിന് തുറന്ന് കാണിച്ചിട്ടും കൂടെ കിടന്നിട്ടും അവസരം കിട്ടാതെ പോയ ഒരു അസ്സല് വെടി
315,0,"പരിചയക്കാർ ഉള്ളപ്പോൾ കടയിൽ നിന്നും സിഗരറ്റ് വാങ്ങിക്കുന്ന..
അയൽവാസികൾ
ചേട്ടാ സ്വർണ്ണ അരിപ്പ ഉണ്ടോ?
*ഞാൻ
കടക്കാരൻ*
മലയാളം മാസ്റ്റേഴ്സ്

ഇല്ലടാ... കത്രിക മതിയോ?"
629,1,എല്ലാ പെണ്ണുങ്ങളുടെ ഇടയിലും ഇദേ പോലെ ഡ്രസ്സ് മാറുമ്പോ പരസ്പരം നോക്കുകയും പിടിക്കുകയും ചെയ്യുന്ന കുറെയെണ്ണം
815,0,"പോരാളി ഷാജി
1h.
എല്ലാവരും ശ്രദ്ധിച്ചത് കുഞ്ഞ് സഖാവിനെയാണ്. എന്നാ കുട്ടി സഖാവ് ആരെയും ശ്രദ്ധിക്കാതെ കണ്ണെടുക്കാതെ ഒറ്റ നോട്ടമായിരുന്നു സെൽഫിലിരുന്ന സഖാവ് AKG യുടെ
ചിത്രത്തിൽ
ദേശാഭിമാനി ലേഖകൻ പകർത്തിയ ചിത്രം
പോരാളി ഷാജി
TMM
AKG യുടെ ഫോട്ടത്തെ
മേയറുടെ കയ്യിലിരുന്ന
കുഞ്ഞു ആരെയാ നോക്കിയേ ന്ന്
IMM
മലയാളം
MANORAMANEWS.COM
കുഞ്ഞ് കയ്യിൽ ഉറങ്ങുന്നു; മേയർ ജോലി
ചെയ്യുന്നു; ചിത്രം വൈറൽ"
770,0,"
ഈ കാര്യത്തിൽ ഞങ്ങളോടൊരു നന്ദി പറച്ചിലിന്റെയോ
*
കടപ്പാടിന്റെയോ ആവശ്യമില്ല"
336,0,"മാറിനിന്നത് പുണ്യസ്ഥലങ്ങൾ സന്ദർശിക്കാൻ'; 'മടക്കം
സ്വമേധയാ';ഇസ്രായേലിൽ പോയി മുങ്ങിയ ബിജു കുര്യൻ തിരിച്ചെത്തി... നാട്ടുകാർ
MOVIE WORLD
പുണ്യ സ്ഥലങ്ങളിൽ പോകാനായിരുന്നെങ്കിൽ വേരെ വിസയെടുത്ത് പോയാമതിയായിരുന്നില്ലേ...!
NOW
അതിലൊരു ത്രില്ലില്ലാ..."
117,0,"*മൊബൈലിൽ കുത്തിക്കൊണ്ടിരിക്കുന്ന ഞാൻ ഇപ്പൊ 2:51 ആയി. കൃത്യം 3 മണിക്ക് പഠിക്കാൻ തുടങ്ങണം. അൽപസമയത്തിനു
ശേഷം അയ്യോ? 3:02 ആയോ സാരമില്ല ഇനിയിപ്പൊ 3:30ന് തുടങ്ങാം!"
636,1,സാധാരണക്കാർക്കിത് മുല നമ്മുക്കിത് ക്രിക്കറ്റ് ബാളുകൾ പെരുപ്പിച്ചു വെച്ച മുല
897,0,"മഴയത്ത് Bagൽ കുട ഉണ്ടെങ്കിലും അതെടുക്കാതെ എന്നും കുമ്മനടിക്കുന്ന
BEST
"
628,1,മലയാളി ഡയറക്ടറുമാർ നേരെയൊന്ന് ഉപയോഗിച്ചാൽ ഇവൾ നമ്മുടെ ഓരോരുത്തരുടേം കുണ്ണ പാൽ വറ്റിക്കും
859,0,"ഇന്ത്യ എന്ന വാക്ക് ഒഴിവാക്കാൻ കേന്ദ്രസർക്കാർ നീക്കം
'LDFന് വലിയ പ്രതീക്ഷ
ELECTION BREAKING
(इंडियन ऑयल
IndianOil
മലയാളം
1fb.com/troll malayalam
ഇത്രയും വലിയ ഗതികെട്ടവൻ വേറെ ഈ
നാട്ടിൽ കാണുമോ?
MUMBAI INDIANS"
490,1,വീട്ടിൽ വന്നപ്പോൾ കഴിക്കാൻ കൊടുത്ത പഴവും കൊണ്ട് മിൽ കേറിയ ചങ്കത്തിയുടെ പിന്നാലെ ഭൂമിൽ കേറിയ *ഞാൻ എന്റെ പൊന്നു ചങ്കെ എന്റെ വീടാടി ഇത്.. ഹോസ്റ്റൽ അല്ല
932,0,"TROLL MALAYALAM
നൂറു ശതമാനം ലോകേഷ്..
ഹേയ്.. ഹേയ്..
Jamsheer Mik
Facebook
99% ലോകേഷ് മൂവി..!"
697,1,ടീവിയിൽ ഏതു ചാനൽ വെച്ചാലും മുലച്ചികളെ കാണുന്ന
964,0,"*Brighton Premier League 2 1 Man City crus Brighton Man. city * CITY കഴിഞ്ഞ രണ്ട് കളി ഞങ്ങൾ ഡൌൺ ആയത് കണ്ട്, ഞങ്ങളെ തോല്പിക്കാൻ വന്നതാണോ... CITY എന്താ മോനെ??"
139,0,സ്വർണകോടാലികിട്ടാൻപുഴയിലേക്ക് ഇരുമ്പുകേടാലി എറിഞ്ഞപ്പോൾ Better luck next time
222,0,"ഗവർണറെ പുറത്താക്കാൻ സംസ്ഥാനങ്ങൾക്ക് അധികാരം നൽകണമെന്ന് കേരളം 
*ഗവർണർ  *പ്രധാനമന്ത്രി"
784,0,"28.09.2023
കരുവന്നൂർ ആധാരങ്ങൾ ED കൊണ്ടുപോയി തിരികെക്കിട്ടാതെ എങ്ങനെ പണംകൊടുക്കും? സഹകരണമന്ത്രി

മന്ത്രി

കഴിഞ്ഞ ഒരു കൊല്ലമായി നിങ്ങൾ മാങ്ങ പറിക്കാൻ നടക്കായിരുന്നോ ?"
334,0,"ഇടിവെട്ട് റോഡ്., കുഴിച്ച് പൈപ്പ് ഇട്ടത് തന്നെ…"
565,1,മിക്ക ജിമ്മിലും കാണാൻ വലിയ ലൂക്കില്ലെങ്കിലും കട്ട മുലയും ഒതുങ്ങിയ ചന്തിയും ഉള്ള ഒരു ചേച്ചി കാണും ടൈറ്റ് ലെഗ്ഗിങ്ങ്സും ടീഷർട്ടും കൂടെ ആവുമ്പൊ തൃപ്തി ആയി
847,0,"പുതുപ്പളളിയിൽ ഉമ്മൻ ചാണ്ടി ഒന്നും ചെയ്തിട്ടില്ല. ഇവിടെ വികസനമുരടിപ്പാണ്. ഇത്തവണ പുതുപ്പളളി ഞാൻ ചുവപ്പിക്കും.
AMBULANCE
"
892,0,"രണ്ടുദിവസം കൊണ്ട് കേരളത്തിൽ നിന്ന് മാത്രം 18+ കോടി നേടി
ചുരുക്കിപറഞ്ഞാൽ ഈ വീക്കെൻഡ് കഴിയുന്നതോടെ 30 കോടി നേടും"
843,0,"
സൈബർ (ഹാർട്ട് അറ്റാക്ക്
(
10:25 AM
കൊമ്പൊടിഞ്ഞ് (സൈബർ കടന്നലുകൾ
ഒരു അത്ഭുതമൊന്നും സംഭവിച്ചില്ല UDF
ജെയ്ക്കിന് വോട്ട്
LDF
31084
BJP 4680
202100 ello eu 888
huminews
* മാധ്യമ പ്രവർത്തകർ
SAINA
SAINA kedannal*
പക പൊക്കുകയാണല്ലേ നി
71107
മലയാളം
SAIND"
948,0,"ഭാവിയിൽ ഇന്ത്യയിൽ ക്രിക്കറ്റ് മാച്ച് നടക്കുമ്പോൾ
അതാരാ ഗ്രൗണ്ടിൽ പാകിസ്ഥാൻ ജേഴ്സിയും ഇട്ടോണ്ട് കുറേപേർ.
അത് പാകിസ്ഥാൻ ക്രിക്കറ്റ് ടീമാണ് സാർ.
Opin Oyayan Kavilkadac!
അവരോട് ഇന്ത്യൻ ജേഴ്സിയും ഇട്ട് ഗ്രൗണ്ടിൽ ഇറങ്ങിയാൽ മതിയെന്ന് പറഞ്ഞത്."
744,0,"30 ഓവറിൽ 155/2 ന് താൻ ഔട്ട് ആയതിനു ശേഷം സ്കൂൾ വിട്ട പോലെ വരുന്ന ബാറ്റ്സ്മാൻമാരെ കണ്ട
ബാബർ അസം
എന്നെ വിട്... ഇവൻമാരെ യിന്നു ഞാൻ"
389,0,"ഓരോ ദിവസങ്ങളും ടെസ്റ്റ് മാച്ച് പോലെയാ കടന്ന് പോകുന്നത്..
എന്നിട്ട് ഈ വർഷത്തിന്റെ പേരാണ് 20-20."
192,0,"പെങ്ങളുടെ മോൻ ഗെയിം കളിക്കാൻ മൊബൈൽ ചോദിച്ചപ്പോൾ, കുറച്ചു സമയം കഴിഞ്ഞ് തരാമെന്ന് പറഞ്ഞ് 
ട്രോൾ വായിച്ചിരുന്നു... ലെ പെങ്ങടെ മോൻ# ഒരു മണിക്കൂർ കഴിഞ്ഞ് മൊബൈലിൽ നിന്ന് കണ്ണെടുത്ത്, താഴേക്കു നോക്കിയപ്പോൾ... ""കുറച്ചു. സമയം കൈഞ്ഞോ മാമാ..."" എന്ന്...!!"
956,0,റൊണാൾഡോ ഞാൻ ഇന്നലെ ഒരു ഫ്രീകിക്ക് നേടിടീമിനെജയിപ്പിച്ചു TMM ഞാനും അടിച്ചു ഒരു ഫ്രീകിക്ക്
260,0,"പെട്ടെന്ന് ദേഷ്യപെടുന്നവർ, എത്ര വലിയ കലിപ്പ് കാണിച്ചാലും
ആ കലിപ്പ് അവർ ഇഷ്ടപ്പെടുന്നവരുടെ മുന്നിൽ മാത്രമായിരിക്കും കാണിക്കുള്ളു!"
65,1,"പെൺകുട്ടികൾ എടുക്കുന്ന ഫോട്ടോ 
ശരിക്കും ആൺകുട്ടികൾ ഇഷ്ടപ്പെടുന്നത്..."
576,1,അല്ലേലും ഈ മുഖക്കുരുവും കട്ട സ്ട്രച്ചറും ഉള്ള പെണ്ണുങ്ങളെ കണ്ടാൽ തന്നെ കമ്പിയാകും വെണ്ണ തുടയും കൂടെ ഉണ്ടെങ്കിൽ വാണപാൽ ഒഴുകും
917,0,"തല നരയ്ക്കുവതല്ലെന്റെ വൃദ്ധത്വം തല നരക്കാത്തതല്ലെൻ യുവത്വവും
കൊടിയ ദുഷ്പ്രഭുത്വത്തിൻ തിരുമുമ്പിൽ
തലാനിക്കാത്തതാണ് എന്റ
യവ്വനം"
898,0,"പുറത്ത് നിന്നും ഭക്ഷണം കഴിക്കുമ്പോൾ പെൺകുട്ടികൾ
വീട്ടിൽ വെച്ച് കഴിക്കുമ്പോൾ"
202,0,"ഓസ്കാർ കിട്ടിയ ശേഷം കാപ്രി  ജീവിതത്തിൽ ആദ്യായാ ഓസ്കാർ കിട്ടുന്നതു.. സാദാരണ വിളിച്ചു വരുത്തി കൊതിപ്പിച്ച് 
വിടാറാ പതിവ്."
738,0,"
ഈ ചരിത്രം എന്ന് പറയുന്നത് തിരുത്തി എഴുതാനുള്ളതാണ്
ഭാഗ്യമില്ലാത്ത ടീം എന്ന പേര് മാറ്റി ഇപ്രാവശ്യം ഞങ്ങൾ കപ്പും കൊണ്ട പോവു

NETHERLANDS BEATS SOUTH AFRICA BY 38 RUNS"
907,0,"ഏത് പോസ്റ്റ് കണ്ടാലും അനാവശ്യമായി നിങ്ങളെ മെൻഷൻ ചെയ്യുന്ന ഒരു ചങ്ക് നിങ്ങൾക്കും ഇല്ലേ
ആ ചങ്കിനെ ഒന്ന് മെൻഷൻ ചെയ്യ്"
895,0,"പുതിയ ടിച്ചതിന് ശേഷം ചങ്കിന്റെ
"
586,1,നല്ലതുപോലെ വായിലെടുക്കാൻ തമിഴിൽ പോയി ഭാവനയെ പോലെ ഈ വെടി കൂത്തിച്ചിയും പഠിച്ചു എന്ന് പറയാൻ പറഞ്ഞ്
52,1,"പ്രേമിക്കാൻ തുടങ്ങിയ time-ൽ ഏട്ടാ, ഞാൻ ഒന്ന് പുറത്ത് പോവാ കുറച്ച് shopping ഉണ്ട് 
ഇതൊക്കെ എന്തിനാ ചോദിക്കുന്നെ, ഇതൊക്കെ നിന്റെ ഇഷ്ടം അല്ലെ. After 6 months 
ഇന്നലെ എവിടെ പോയതാടി, നിന്നോട് പലി പ്രാവിശ്യം പറഞ്ഞിട്ടുണ്ട് എന്നോട് പറയാതെ പോവരുതെന്ന്, എത്ര പറഞ്ഞാലും മനസ്സിലാവില്ലേ 
ഏട്ടാ, ഞാൻ അപ്പുറത്തെ വീട്ടിൽ പോയതാ"
212,0,GOOGLE SEARCH!! *GOOGLE.COM എന്താ മോനെ? * How to hack a gmail account? പ്ഭ...!!!
638,1,എല്ലാ ഓഫീസുകളിലും ഇതുപോലെ ഒരു യമണ്ടൻചരക്കായ സ്റ്റാഫ് നിർബന്ധമാണ്
42,1,"ഞാൻ ഈ വർഷം ടൂർ പോവട്ടെ അച്ഛാ 
കല്യാണം കയിഞ്ഞിട്ട് കെട്ടിയോന്റെ കൂടെ പോവാട്ടോ
 എല്ലാ വർഷവും ഇതന്നെ പറയും എന്നാ ഒന്ന് വേഗം കെട്ടിക്ക്"
748,0,"എറണാംകുളം റെയിൽവേ സ്റ്റേഷന്
'രാജർഷി രാമവർമ്മൻ എന്ന് പേരുമാറ്റി എൽ.ഡി.എഫ് ഭരണസമിതി
ഇനിമുതൽ എറണാകുളം സ്റ്റേഷൻ
ഞാൻ പാവമൊരു വർമ്മ
രാജർഷി രാമവർമ്മൻ ഇവരുടെയൊക്കെ രാംജി"
534,0,"
ിയും ഫെഡററും ഒക്കെ എടുത്ത് തള്ളി മറിച്ച് ട്രോൾ ഇടുന്നത് നി തന്നെയാണോടി
ഞാൻ

കാമുകന്റെ സുന കണ്ടപ്പോൾ പേടിച്ച് അലറി."
752,0,"
അവസാനമായി എന്തെങ്കിലും ആഗ്രഹം ഉണ്ടോ?
എസ്എൻസി ലാവലിൻ കേസ് ഇന്ന് സുപ്രീംകോടതിയിൽ
എനിക്ക് ലാവ്ലിൻ കേസിന്റെ വിധി വന്നിട്ട് മരിച്ചാൽ മതി
"
819,0,"KSEB.06 ആശ്വാസം
200 മെഗാവാട്ട് വൈദ്യുതി നൽകി മധ്യപ്രദേശ് വൈദ്യുതി ബോർഡ്
അടുത്ത വർഷം തിരിച്ചു നൽകാമെന്ന് വ്യവസ്ഥ

അടുത്ത വർഷം
KSEB *
ഹമാരാ 200 MW?
ക്യാ..മുച്ചേ നഹി പാ.."
561,1,ചില വീടുകളിലെ കാഴ്ച എന്തെന്നാൽ നല്ല മുട്ടൻ ചരക്കായ പെണ്ണും അവളെ വേണ്ടപോലെ ഉപയോഗിക്കാത്ത മൊണ്ണയായ കെട്ടിയോനും
872,0,"രാജ്യത്തെ ഏറ്റവും കൂടുതൽ പുരോഗതി നഗരമാവാൻ വരുന്ന കൊച്ചി
ഉള്ള
തലസ്ഥാനാ
കൊച്ചി"
937,0,"ഒരു പൂർവവിദ്യാർത്ഥി സംഗമം !!
*ഉഴപ്പൻ
ഗൾഫിൽ പോയി പൈസ ഉണ്ടാക്കിയ ഉഴപ്പൻന്റെ മാസ് ഇൻട്രോ... കണ്ട...
അവനെ പണ്ട് തേച്ച ഇപ്പോഴും ജോലി കിട്ടാത്ത പഠിപ്പി
കാമുകി
ഒരിക്കലും നന്നാവില്ല എന്നുപറഞ്ഞ
ഉഴപ്പൻന്റെ ചങ്ക്
കണക്ക് സാർ
P. T. സാർ"
838,0,"Keralakaumudi 8h3
KERALA KAUMUDI
അച്ഛന്റെ വിയോഗത്തിൽ മകനെ ഇറക്കിയിട്ടും ത്രിപുരയിൽ കെട്ടിവച്ച് കാശ് പോലും സിപിഎമ്മിന് കിട്ടിയില്ല, ദയനീയം.
മലയാളം
കനലൊരുതരി (ത്രിപുര
അതെന്താ സഹതാപത്തിന്
ഈനാട്ടിൽ ഒരു വിലയുമില്ലേ…"
591,1,കനിഹ കല്യാണം കഴിഞ്ഞതിന് ശേഷം അങ്ങ് തുണി ഊരി തുടങ്ങിയല്ലോ കണ്ടിട്ട് അവളുടെ ഭർത്താവ് തന്നെ അവളെ അവന്റെ കൂട്ടുകാർക്ക് പണ്ണാൻ കൊടുക്കുന്ന ലക്ഷണമുണ്ട്
424,1,ചങ്കത്തിയുടെ പരിക്ഷണങ്ങൾ Modern ആയി Dress ചെയ്യുമ്പോൾ പ്രതിക്ഷിച്ചത് സംഭവിച്ചത് Shirt ഇട്ടപ്പോൾ പ്രതീക്ഷിച്ചത്  സംഭവിച്ചത് സാരി ഒടുത്തപ്പോൾ പ്രതീക്ഷിച്ചത് സംഭവിച്ചത് കുഞ്ഞാവയുമായി ഫോട്ടോ എടുത്തപ്പോൾ പ്രതിക്ഷിച്ചത് സംഭവിച്ചത്
518,0,"വീടിന് പുറത്ത് ആരെങ്കിലും വന്നാൽ
ഞാൻ(35)
അമ്മേ.."
153,0,"ഫിസിക്സ് പരീക്ഷ മാറ്റി നടത്തുമെന്ന് അറിഞ്ഞ എല്ലാത്തിനും ഉത്തരം  എഴുതിയ പഠിപ്പി 
തുണ്ട് വെച്ച്, ജയിക്കാനുള്ള മാർക്ക് ഒപ്പിച്ചവൻ 
ഒന്നും പഠിക്കാതെ പോയവൻ 
എടുത്ത തുണ്ട് ഒന്ന് പോലും വരാത്തവൻ"
884,0,"ആശാൻ
നീ എന്തിനാ ബോൾ fabregasനു കൊടുത്തെ
അയാൾ പണ്ട് ഇവിടെ കളിച്ചതല്ലേ മാത്രവുമല്ല അയാളുടെ ജേഴ്സി നമ്പർ ""നാല്"" ആണ്..
ബോൾ"
657,1,സത്യം എന്തെന്നാൽ ഈ സീരിയൽ കാണുമ്പോഴെല്ലാം ഇവർ സ്ക്രീനിൽ വരുമ്പോൾ നമ്മൾ അറിയാതെ എങ്കിലും ഇവളെ കളിക്കാൻ ആഗ്രഹിച്ചിട്ടുണ്ട്
609,1,സ്കൂളിൽ പഠിക്കുന്ന കാലത്ത് കുറച്ചു പേരെങ്കിലും ക്ലാസ്സിലെ ഏറ്റവും ചരക്കിനെ  അവരുടെ മനസ്സിൽ BDSM ചെയ്യുന്നതും അവൾ കിടന്ന് വിളിക്കുന്നത്തും സ്വപ്നം കണ്ടവന്മാരാണ്
271,0,"നി അംഗനവാടിയിൽ നിന്ന് സ്ഥിരം കൊണ്ടുവരുന്ന ഈ ഉപ്പുമാവ് അല്ലാതെ വേറെ എന്തെങ്കിലും കൊണ്ട് വന്നൂടെ നിനക്ക്
കുഞ്ഞാവ *
എന്നാൽ പിന്നെ ഞാൻ മറ്റേത് എടുക്കട്ടേ.
# അമൃതം പൊടി
# ഉപ്പുമാവ്
എന്ത് ?
"
105,1,"കെട്ട്യോനുമായി തല്ലുണ്ടാക്കി, അടികൂടാൻ ചെന്നപ്പോൾ പ്രതീക്ഷിച്ചത് നടന്നത്"
652,1,കോളേജിലെ ഫങ്ക്ഷന് ക്ലാസ്സിലെ പെണ്ണ് സാരി ഉടുത്തു വന്ന് അവളുടെ ചാൽ നോക്കുന്ന നമ്മൾ നമ്മൾ നോക്കുന്നുവെന്ന് അവർ കണ്ടപ്പോൾ
665,1,അവാർഡ് ഫങ്ക്ഷന് ഇടക്ക് വെച്ച് അവതാരകൻ അവളോട് അങ്ങി ഊമ്പാൻ പറഞ്ഞു അവളെ കൊണ്ട് സ്റ്റേജിന്റെ പുറകിൽ പോയി പൂറിൽ ആഞ്ഞടിച്ചു 2 മിനിറ്റ് കഴിഞ്ഞ് ഉടനെ അവന്റെ പാല് തെറിച്ചത് കാണുന്ന അവൾ
47,1,"മുടികളർ ചെയ്തിട്ട് വന്ന ചങ്കത്തി
*അവടെ അച്ഛൻ ആരാ ഈ പിച്ചക്കാരിയെ പിടിച്ച് വീട്ടിൽകയറ്റിയത്?"
799,0,"കോട്ടയത്ത് ഇനി ഈ ബാങ്ക്
പ്രവർത്തിക്കണോയെന്ന് ഡിവൈഎഫ്ഐ
തീരുമാനിക്കും ജെയ്ക് സി. തോമസ്
*
ഡിഫി
Help!
Help!
കരുവന്നൂർ ബാങ്ക്
കോട്ടയത്തെ ബാങ്ക് പ്രവർത്തന രഹിതമാക്കി ജനങ്ങളെ രക്ഷിച്ചു വരുന്ന
ലയാളം
മെനുഷ്യൻ ആകണം മനുഷ്യൻ ആകണം"
772,0,"01.10.2023
കരുവന്നൂർ
കേരള ബാങ്കിൽനിന്ന് പണം നൽകുന്നത് നബാർഡ് വിലക്കി
വായ്പാ മർഗരേഖയ്ക്ക്
വിരുദ്ധം
Mathrubhumi.com
വാർ സിസ് സഹകരണ ബായ് ജിപ്സം

ഇനി ഈ നബാർഡ് ഇവിടെ ഇങ്ങനെ പ്രവർത്തിക്കാന്ന് ഡിവൈഎഫ്ഐ തീരുമാനിക്കും."
908,0,"ആണുങ്ങളെക്കാൾ സുഹറായി വായിനോക്കുന്ന
MALAYALAM TROLLS
ഒരു ചങ്ക് കൂട്ടുകാരി നമുക്കും
കാണും"
100,1,"കാമുകിയുമായുള്ള ചാറ്റ്.... ആദ്യ നാളുകളിൽ  കഴിച്ചോ ..? ഇപ്പൊ ഫ്രീ ആണോ..?കുറച്ചു കൂടി ചാറ്റ് ചെയ്യാമോ..? 
പിന്നീടങ്ങോട്ട് കിന്നാരം പറഞ്ഞത് മതി.ഇട്ടിരിക്കുന്നത് നൈറ്റി ആണോ അതോ ചുരിതാർ ആണോ..? ഏതായാലും അഴിക്കെടി"
603,1,ഇതുപോലുള്ള വയറും കാണിച്ച് ഭർത്താവിന്റേം കൂടെയുള്ള പടങ്ങൾ പോസ്റ്റ് ചെയ്യുന്ന ഒരു ടീച്ചറോ ആന്റിയോട് നമുക്ക്ണ്ടെങ്കിൽ പിന്നെ കുണ്ണക്ക് സ്റ്റ് കാണില്ല
513,0,"യുത്തും ഫാമിലിയും ഒരുപോലെ ഏറ്റെടുത്ത

പക്കാ ഫാമിലി എന്റർടൈനർ ചിത്രം

റാഹേൽ മകൻ കോര"
323,0,"മിഷൻ അരിക്കൊമ്പന് തിരിച്ചടി
എല്ലാ ആനകളെയും പിടികൂടി കൂട്ടിലടയ്ക്കാൻ ആവില്ല
ഹൈക്കോടതി
എല്ലാ ആനകളേയും പിടിച്ചിടാൻ ഇതിനുമാത്രം കൂട്
എവിടെയിരിയ്ക്കുന്നു...!
അപ്പൊ ഞാൻ പിന്നെ മരയോന്ത് ആയിരുന്നോ...!"
704,1,ഇങ്ങനെ രണ്ട് വനിതാ പോലിസുകാർ നമ്മുടെ നാട്ടിൽ ഉണ്ടെങ്കിൽ ആ പരിസരത്തുള്ള ആണുങ്ങളെല്ലാം ആരെ കൊന്നിട്ടാണേലും സ്റ്റേഷനിൽ കയറിയിരിക്കും
80,1,ജിൻസ് ഇട്ടവളെ  കടലിൽ കെട്ടിത്താഴ്ത്തണം
524,0,"introvert കളെ പെൺകുട്ടികൾക്ക് പെട്ടെന്ന് ഇഷ്ടപ്പെടും എന്നറിഞ്ഞു ആരോടും മിണ്ടാതെ ഒരു introvert ആയി അഭിനയിച്ചു,

പ്രശാന്ത്ടി
ഞാൻ ഈയിടെയായി ആരോടും സംസാരിക്കുന്നില്ല എന്നും പറഞ്ഞു വീട്ടുകാർ എന്നെ മാനസിക ആരോഗ്വകേന്ദ്രത്തിൽ കൊണ്ടുപോയി ചേർത്തു"
768,0,"ആനകളുടെ ഫോട്ടോ കണ്ടാൽ

ആനപ്രേമി 1
""തെച്ചിക്കോട്ടുകാവ് രാമചന്ദ്രൻ""
ആനപ്രേമി 2
മലയാളം
""പാമ്പാടി രാജൻ
ഞാൻ

""എനിക്ക് എല്ലാം ആന"
906,0,"നമുക്ക് എല്ലാവർക്കും കാണും ഒരു ചങ്ക്
MALAYALAM TROLLS
അവന്റെ ഒർജിനൽ പേരിനേക്കാളും ഫെയിമസ് ആയിരിക്കും അവന്റെ ഇരട്ട പേര്"
181,0,"എക്സാമിന് കയറിയ സാഗർ ഏലിയാസ് ജാക്കിയുടെ  *തലച്ചോർ അണ്ണാ, അവരോടു ഒന്ന് ചിന്തിച്ചു തീരാൻ പറ... ഇനി എക്സാം 
ഒരു മണിക്കൂർ കൂടിയേ ഉള്ളൂ"
379,0,"
കാമുകി ആദ്യമായൊരു ഗിഫ്റ്റ് വാങ്ങി തന്നാൽ
ഞാൻ
*ലവൾ
താങ്ക് ടാ..
പിന്നെ ഒരു കാര്യം..
ഗിഫ്റ്റ് അഴിച്ചു കഴിഞ്ഞാൽ അതിന്റെ പുറത്തുള്ള വർണ്ണക്കടലാസ് കളയരുത്. അത് എനിക്ക് തന്നെ തരണം..!"
653,1,"കേട്ടറിവിനേക്കാൾ വലുതാണ് ഹണി റോസ് എന്ന “കാമകുതിര"" എന്ന സത്യം"
749,0,"
'ഇസ്രയേൽ ആദ്യ ലക്ഷ്യം മാത്രം, ലോകം മുഴുവൻ ഞങ്ങളുടെ
കീഴിൽ വരും
ഭീഷണിയുമായി ഹമാസ് കമാൻഡർ
*ഹമാസ് എന്ത് ആണെന്നാ നീ പറഞത്?
പലസ്തീൻ മണ്ണിന് വേണ്ടി പോരാടുന്ന സ്വാതന്ത്ര്യസമര പോരാളികളുടെ സംഘടന
ഉണ്ട"
901,0,"ഞാൻ ആരാ മോളേ..?
ജയറാമേട്ടന്റ മകൻ കാളിദാസൻ
അപ്പോ
ഞാനോ ?
ലാലേട്ടന്റെ മകൻ പ്രണവ്
| സുരേഷട്ടന്റ മകൻ എന്നെ അറിയുമോ..? ഗോകുൽ
എന്നാൽ ഞാനോ...?
ദുൽഖർ സൽമാൻ...."
527,0,"
നിങ്ങളിപ്പോ വായിച്ച വേദപുസ്തകത്തിലെ ദുഷ്ടനും അധർമ്മിയും ശത്രുവും ഞാൻ തന്നെയാ..

പേര് നടേശൻ!!!
ബൈബിളിൽനടേശനോ??!!
"
801,0,"പോലീസുകാരൻ.
AUK TROLLS.
നി ഇവിടെ പാക്കിസ്ഥാന് ജയ് വിളിക്കാൻ പാടില്ല..
പാക്കിസ്ഥാൻ ആരാധകൻ.
TMM
പാക്കിസ്ഥാൻ ഓസ്ട്രേലിയാ ടീമുകളിൽ എന്റെ ROMS ഇഷ്ട ടീം പാക്കിസ്ഥാനി. ഞാൻ അവർക്കല്ലാതെ ആർക്ക് ജയ് വിളിക്കണം.
Martin Joseph Koottummel.
നിനക്ക് ജയ് വിളിക്കണമെന്ന് അത്ര നിർബന്ധമാണേൽ അത് ഇതാ കി ജയ് എന്ന് വിളിച്ചാൽ മതി."
500,1,"നാട്ടിലെ ദാനശീലയായ ചേച്ചിടെ വീട്ടിൽ രാത്രി ചെന്ന ചങ്ക് നല്ല പരിചയമുണ്ടല്ലോ...?  ഇത് ആരുടേയാ 
*ചേച്ചി നിന്റെ അനിയന്റെയാ."
230,0,"ചങ്കിനെക്കൊണ്ട് നിർബന്ധിച്ച് ഇൻസ്റ്റാഗ്രാം അക്കൗണ്ട് തുടങ്ങിച്ച ശേഷം  
ഫോട്ടോസ് മാത്രം ഷെയർ തുടങ്ങിയ വല്യ ഫ്ലാറ്റ്റർമോക്കേയ 
പക്ഷേ പറഞ്ഞിട്ടെന്താ dp ചെയ്യാൻ മര്യാദക്ക് കാണാൻ പറ്റുന്ന"
723,1,ഒറ്റ വികാരം
186,1,"*കാമുകി ഡാ നമ്മുടെ ബന്ധം എന്റെ അച്ഛൻ അറിഞ്ഞു ഇനി ഇത് തുടരാൻ കഴില്ല. അതുകൊണ്ട് നമക്ക്.... 
കാമുകി ടെ അച്ഛൻ* ഞാനോ!! എപ്പോം"
78,1,"ഹണി റോസിനെ ഇപ്പോ ആർക്കും വേണ്ട
ഹണിയെ വെല്ലു വിളിച്ച് അന്ന"
494,1,എന്നെയും ഹോസ്റ്റൽ ചങ്കത്തിയെയും കറങ്ങാൻ വിട്ട് ചങ്കുകളുമായ് വെള്ളമടിക്കുന്ന ഭർത്താവ് ഈ സമയം ഞാനും ഹോസ്റ്റൽ ചങ്കത്തിയും
6,1,ജോലി കഴിഞ്ഞ് വീട്ടിലെത്തിയ ഭർത്താവ്
762,0,"
സർക്കാർ പറഞ്ഞത് കള്ളം കുറവില്ല.
എഐ ക്വാമറ വച്ചിട്ടും അപകടമരണത്തിൽ
www.manoramaonline.com/news
ലെ A ക്വാ

സർക്കാർ ക
അതെ ഇടയ്ക്കൊക്കെ ആ റോട്ടിലെ കുഴിയൊക്കെ അടക്കാം കേട്ടോ."
292,0,"ഒബാമയുടെ കാറിൽ സുരക്ഷക്കായി ആർമ്മർ പ്ലേറ്റട് ഡോർ ഉണ്ട്, അതും ബോയിംഗ് വിമാനത്തിൽ ഉപയോഗിയ്ക്കുന്ന ടൈപ്
ബോംബിനേയും ഗ്രനേടിനേയും ചെറുക്കാൻ ഉള്ള ശേഷിയും ഉണ്ടത്രേ!
പമ്പ് ആക്ഷൻ ഷോട്ട് ഗണ്ണും വേറേ പലതും ഉണ്ട്

അവന്റെ ഒക്കെ ടൈം.. ഇന്ത്യയിൽ കാറിന്റെ പ്രൊട്ടക്ഷനു ഇപ്പഴും ""നാരങ്ങായും വറ്റൽ മുളകും"" മാത്രം!
"
816,0,"ചാണ്ടി ഉമ്മൻ
അദ്ദേഹത്തിന് വെറും 300 മീറ്റർ നീളമേ കുടലിന് ഉണ്ടായിരുന്നുള്ളൂ.
TMM
ലൂക്ക് മിസ്റ്റർ മനുഷ്യരുടെ കുടലിന് 7.50 വരെ മീറ്റർ നീളമേ ഉണ്ടാകൂ..
TMM
മനുഷ്യന്റെ അയിന് കാര്യം ആര് പറഞ്ഞു പുണ്യാളന്റെ കുടലിന്റെ നീളമാ പറഞ്ഞത്
ഹാഹാഹാ കളികളുടെ മൂർദ്ധാവിൽ തന്നെ"
905,0,ദാസേട്ടാ ഒരു സെൽഫി
533,0,"4 വർഷത്തെ പ്രണയം നിർത്തി പോയി ഒരു കോൺടാക്ടും ഇല്ലാതിരുന്ന കാമുകിയുടെ ഇൻസ്റ്റാഗ്രാമിൽ രണ്ട് വർഷത്തിന് ശേഷം കേറി നോക്കിയപ്പോൾ..
ഞാൻ

പണ്ട് ഞാൻ എഡിറ്റ് ചെയ്ത് കൊടുത്ത ഫോട്ടോ ഡി പി ആയി ഇട്ടിരിക്കുന്നത് കണ്ട.."
708,1,ആദ്യ സിനിമ കഴിഞ്ഞപ്പോൾ തന്നെ തുണി ഉരിഞ്ഞ് ഇവൾ കാണിച്ച വെടിത്തരം ഒന്നും വേറൊരുത്തിയും കാണിച്ചിട്ടില്ല
58,1,പരസ്പരം'  ക്ലൈമാക്സ് കണ്ട്… *അമ്മ *അമ്മുമ്മ *പെങ്ങൾ  ലെ*ഞാൻ
739,0,"
മലയാളമറിയില്ല, രാജിക്കത്തെന്നറിയാതെ ഒപ്പിട്ടു ലീഗ് നേതാവിനെതിരേ ആരോപണവുമായി SDPI പഞ്ചായത്തംഗം

എഴുത്തും വായന യും അറിയാത്തവരെ
"
320,0,"പതിവില്ലാതെ ഓഫീസിൽ നേരത്തെ എത്തിയതിനു എന്നെ അഭിനന്ദിക്കുന്ന മാനേജർ.
വീട്ടിൽ കറണ്ട് ഇല്ലാത്തതുകൊണ്ട് ഫോൺ ചാർജ് ചെയ്യാൻ നേരത്തെ എത്തിയ ഞാൻ,"
771,0,"*ED
CPIM*
മലയാളം
ഇതേതാ മാരണം...
എന്റെ പേര് മാറ്റി"
372,0,"
പലയിടത്തും എന്നെ നിയമിച്ചതാ.. പക്ഷേ, ജോലി കിട്ടിയില്ലാന്ന് കള്ളം പറഞ്ഞ് ഞാൻ പറ്റിക്കായിരുന്നു. അച്ചുവേട്ടനെ
തിയും പുകയും കൊള്ളാൻ അച്ചുവെട്ടനെ ഇങ്ങനെ തനിച്ചാക്കിയിട്ട് എനിക്കൊരു ഓഫീസിൽ പോയിട്ട് ഫാനിന്റെ ചുവട്ടിലിരിക്കണ്ട.... അത് ശരിയാവില്ല. അച്ചുവേട്ടനെ വിട്ട് ഞാനെങ്ങും പോവില്ല.

മീനവിയൽ രാമൻകുട്ടിക്കുംകൂടി ജോലിയായാൽ | പാചകമൊക്കെ നിർത്തി വീട്ടിലിരിക്കാമെന്ന് കരുതിയ അച്ചുവേട്ടൻ"
8,1,"ചേട്ടാ നമ്മുടെ മോന് അച്ചു ന്ന്
പേരിടാം.
അത് നിന്റെ കൊന് ഇഷ്ടപ്പെടുമ്പോ"
700,1,"നമ്മുടെ ഒക്കെ നാട്ടിൽ കാണും ഇത് പോലെ ഒരു ചരക്ക് അമ്മ മകൾ കോമ്പിനേഷൻ  
നിങ്ങൾക്കും ഇല്ലേ?"
920,0,"TROLL MALAYALAM
നൂറു ശതമാനം ലോകേഷ്..
ഹേയ്.. ഹേയ്..
Jamsheer Mik
Facebook
99% ലോകേഷ് മൂവി..!"
804,0,"കേരളത്തിൽ സിനിമയുടെ കളക്ഷനും കൊണ്ടുപോകുന്നു കൂടെ ഇപ്പൊ ഓണം ബമ്പർ ലോട്ടറിയും കൊണ്ടുപോയി
മലയാളി
"
617,1,നിലവിലെ ഏറ്റവും വെടികളും ചരക്കുകളുമായ ആങ്കർമാർ മീരയുടെ ശരീരവും പേർളിയുടെ മുലയും നോക്കി വാണം വിടാത്തെ ആണുങ്ങൾ കാണില്ല
462,1,സൂചിയിൽ നൂൽ കോർക്കാൻ കുറെ നേരമായി പാട് പെടുന്ന എന്നെ നോക്കുന്ന *ഭാര്യ
283,0,"അസംബ്ലിയിൽ ഒരു കുട്ടി തലകറങ്ങി വീണപ്പോൾ
4B യിലെ മനു മോഹന്റെ വീടിനു അടുത്തുള്ളത് ആരാ..?
ക്ലാസ്സ് ഉഴപ്പൻ *10
സ്കൂളിന് പുറത്തിറങ്ങിയപ്പോൾ
മോനേ..നിന്റെ വീട് എവിടേണ് നാട് എവിടേണ്..!?"
365,0,"ഒരു കുട്ടിക്കാല നോ
6161131210
*
ഇതാണ് ദൈവത്തിന്റെ നമ്പർ"
735,0,"
'ഡ്രീം11' കളിച്ച് 1.5 കോടി നേടി എസ്.ഐ
പിന്നാലെ സസ്പെൻഷൻ മറ്റുള്ളവർക്കും പാഠമെന്ന് മുന്നറിയിപ്പ്

""ലെ പോലിസ് കാരന
സസ്പെൻഷൻ 2 മാസം ലീവും കിട്ടി ഒന്നരക്കോടി ആ മാസം അടിച്ച് പൊളിച്ച് ജീവിക്കുകയും ചെയ്യാം"
310,0,"
വീട്ടിലെ പഴയ സാധനങ്ങൾ അടുക്കിപ്പെറുക്കി വയ്ക്കുന്ന ഞാൻ
മലയാളം
മാസ്റ്റേഴ്സ് "
1,1,കല്യാണത്തിന് ഭാര്യക്ക് കിട്ടിയ ഗിഫ്റ്റിൽ പകുതിയും തേപ്പ് പെട്ടി കണ്ട..... * ഭർത്താവ്
203,0,"അമ്മേ.. വീണ്ടും എക്സാം മാറ്റി വെച്ചു എന്തൊക്കെ ആയാലും നീ തലേ ദിവസം അഞ്ച പഠിക്കാറുള്ളൂ? പിന്നെ 
മാറ്റിവെച്ചിട്ടെന്താ കാര്യം? ആനന്ദം... പരമാനന്ദം"
810,0,"REPORTER 18.09.2023
കരുവന്നൂർ ബാങ്ക് തട്ടിപ്പ്
'ഇഡിയക്കാൾ മെച്ചപ്പെട്ട പരിശോധനയാണ് പാർട്ടിയുടേത്
എ സി മൊയ്തീൻ
#008000/reporterlive reporterlive.com
ഗോമസ്
ഇല്ല മലം പരിശോധനയും ആയിരിക്കും"
124,0,"ഉമ്മൻ ചാണ്ടിയെ സമൂഹമാധ്യമങ്ങളിലൂടെ അപമാനിച്ചു നടൻ വിനായകനെതിരെ 
പരാതി ഒരാൾ മരണപ്പെടുമ്പോൾ ഇതുപോലുള ചെറു വർത്തമാനം മേലാൽ പറയരുത്.."
672,1,നമ്മുടെ കൂട്ടുകാരന് ഇതുപോലൊരു ഭാര്യ ഉണ്ടെങ്കിൽ പിന്നെ എന്തൊക്കെ ചെയ്തിട്ടാണേലും  അവളുടെ പൂട്ടിൽ കുണ്ണ കയാതെ നമ്മൾ അടങ്ങില്ല
826,0,"BREAKING NEWS
'രണ്ട് മുൻ ആഭ്യന്തര മന്ത്രിമാർ കത്ത് കലാപമാകാൻ ആഗ്രഹിച്ചു
സോളാർ ഗൂഢാലോചനയിൽ ടി.ജി.നന്ദകുമാറിന്റെ പ്രതികരണം

'ഏഷ്യാനെറ്റ് ന്യൂസിനെ സമീപിച്ചത് താൻ തന്നെ

അന്ന് ഞങ്ങളില്ല സാർ"
441,0,"
*Doctor*
Head Set-ന്റെ അമിത ഉപയോഗം മൂലം തന്റെ ഒരു ചെവിയുടെ കേൾവി തകരാറായിട്ടുണ്ട്.
ഹൌ ഭാഗ്യം..ഞാൻ കരുതി എന്റെ Head Set അടിച്ചു പോയെന്ന്."
347,0,"ഇന്ത്യയിൽ
കരിങ്കഴുകനെത്തി
ആവേശത്തിൽ പക്ഷി നിരീക്ഷകരും പക്ഷി സ്നേഹികളും
ഇക്കാ. വ്യത്യസ്ഥമായ രുചിയ്ക്ക് പറ്റിയ ഒരുഗ്രൻ സാധനം എത്തിയിട്ടുണ്ട്...

"
3,1," എടീ വലത്തോട്ടൊ ഇടത്തൊട്ടൊ തിരിയുമൊ ഇൻഡികെട്ടർ ഇടണം എന്നാലല്ലെ പിറകിലുല്ലവർക്കു അറിയാൻ പറ്റു നീ എങ്ങൊട്ടാ പൊന്നെയെന്നു. 
അങ്ങേ ഒരു തെണ്ടിയും അറിയൻഡ ഞാൻ എങ്ങോട്ടാ പൊകുന്നെ യെന്നു "
436,1,ആഹാരത്തിന് ശേഷം നിർബന്ധമായും വെളളം കുടിക്കേണ്ടതാണ്. ഇല്ലെങ്കിൽ ഇതു പോലെ കഴിക്കുന്ന ആഹാരം നെഞ്ചിൽ തങ്ങി നിൽക്കും... പൊതുജന താത്പര്യാർത്ഥം പ്രസിദ്ധീകരിക്കുന്നത്
719,1,"ശ് ശ്ശ് - എടി ഇങ്ങോട്ട് ഒന്ന് നോക്കിയേ എന്താടാ .(അവൾ തിരിഞ്ഞപ്പോ എന്റെ പാന്റിൽ കുണ്ണ കമ്പി ആയി നിക്കുന്നത് കണ്ട് (സിപ് തുറന്ന് കുണ്ണ പുറത്തെടുത്തപ്പോ ശോ എന്ത് വലുതാടാ ഇത് അവളോടൊന്ന് വായിലിടാൻ പറഞ്ഞ് ) ചി
.ഇവിടെ വെച്ചോ..
ആരെങ്കിലും കാണും ചെക്കാ ന കൊലച്ചു നിക്കുന്ന
കണ്ടിട്ടു എന്റെ കണ്ട്രോളും പോണല്ലോടാ കള്ളാ.. വാ നമുക് എന്റെ വാനിൽ പോവാം "
451,1,"എന്തെങ്കിലും പണിക്ക് പോയാൽ . . . കാമുകിയുമായുള്ള കല്യാണത്തിന് സമ്മതിക്കാം എന്ന് അച്ഛൻ 
പറഞ്ഞപ്പോൾ :  *ഞാൻ മോളുസേ വീട്ടിൽ സമ്മതിക്കുന്നില്ല... നമുക്ക് പിരിയാം..!"
496,1,"കള്ളവെടി വെക്കാൻ പോയി അഞ്ചു മിനിറ്റുകൊണ്ട് വെള്ളം പോയ എന്നെ നോക്കുന്ന ചേച്ചി!!! 
ചെലോർടെ റെഡി ആകും ചെ റെഡി ആകില്ല. എന്റെ റെഡി ആയില്ല.."
312,0,"
സിംഗ്
കഴിഞ്ഞ കളിയിൽ...!
ഇന്നലത്തെ കളിയിൽ…"
853,0,"
ചാണ്ടി ഉമ്മൻ വിജയിച്ചാൽ അത് ബിജെപി വോട്ട് മറിച്ചിട്ടായിരിക്കും എം വി ഗോവിന്ദൻ
തോൽവി സമ്മതിച്ചു ഗോവിന്ദൻ

ശ്രിലങ്ക ജയിച്ചാൽ അത് ജയസുര്യ ബാറ്റേൽ സ്പ്രിംഗ് വെച്ച് കളിച്ചിട്ടായിരിക്കും…"
547,1,"എല്ലാ നാട്ടിലെയും സ്ഥിരം കാഴ്ച എന്തെന്നാൽ എക്സ്പോസ് ചെയ്ത് നടക്കുന്ന മോളുടെ കൂടെ കട്ടക്ക് പിടിച്ചു നിക്കുന്ന നല്ല ചരക്കായ അമ്മ നാട്ടുകാരെല്ലാം അമ്മയും മോളെയും ഊക്കണം
എന്ന് മാത്രമേ ചിന്തിക്കു"
997,0,"THE MOST GOALS IN 2023, 40 GOALS Top goal scorer in 2023 നിലവിൽ ഫുട്ബോളിൽ ഒരേ ഒരു രാജാവ്"
782,0,"UDF മുന്നിൽ എന്ന് മനോരമ
Tishaa nu
കമ്മി സങ്കികളെ പിന്നിലാക്കി തേരോട്ടം..എവിടെയാ...
ബാങ്ക് ക്രമക്കേട്....
202 scoro...
TMM"
219,0,"ക്ലാസ്സ് റൂമിൽ switch box ന്റെ അടുത്തിരിക്കുന്ന ഞാൻ
#ഫാൻ ഓണക്കടാ
#ഫൻ ഓഫാക്കട
#ഫാനിൻ്റെ സ്പീഡ് കൂട്ട്
#ഫാനിൻ്റെ സ്പീഡ് കുറയ്ക്ക്"
273,0,"ട്രിങ്..ട്രിങ്
Snooze 15 മിനിറ്റ്
എന്നാൽ പിന്നെ തനിക്ക്
ആദ്യമേ 6:45 സെറ്റ്
എന്തിനാ എന്നെ
ചെയ്താൽ പോരാരുന്നോ.. വെറുതെ നേരെത്തെ എഴുന്നേൽപ്പിച്ചത്."
32,1,"അയൽപക്കത്തെ ആൻറിയുടെ വീട്ടിൽ ഏതെലും ആവശ്യത്തിന് പോയാൽ ചായ തരുന്ന ആന്റി
*ആന്റി നിനക്ക് ചായക്ക് കടി വല്ലതും വെണോ"
478,1,വോട്ട് ചെയ്തു പുറത്തേക്ക് വരുന്ന നോളത്തി. ഈ സാർ എന്താണാവോ ഒരു ആക്കിയ ചിരി ചിരിച്ചേ..??? അയ്യോ... എല്ലാ വിരലിലേം നഖം വെട്ടാൻ മറന്നു.....!!
482,1,*ഞാൻ  പണ്ട് ക്ലാസ്സിൽ പോയി പഠിക്കുമ്പോൾ പേന മനപൂർവം താഴെയിട്ട് ആണ്പിള്ളേരെ ചാൽ കാണിച്ചു കൊതിപ്പിക്കുന്നത് ഓർമ്മയുണ്ടോ ? ചങ്കത്തി*  മറക്കാൻ പറ്റോ ?
814,0,".00 PATHIRANA
13 15 HEMANTHA
SL
50-9 2 15.1
TOSS SL
2-3 21 THIS OVER HARDIK
SHARE
# സിറാജ്
സ്റ്റാർ സ്പോർട്സ് മുതലാളി
TMM
FOLLOW US
50 ഓവറിന്റെ ഗ്വാപിൽ കുത്തിക്കയറ്റാൻ ലോഡ് കണക്കിന് പരസ്യം ആണ് കെട്ടിക്കിടക്കുന്നത്"
969,0,മെസ്സിയുടെ ട്രൈബ്ബിങ് സ്കിൽസ് അങ്ങനെ പോയ് പോകൂല മോനെ
491,1,"*ചങ്ക് ആദ്യമായി പടക്കകടയിൽ പോയ ഒരു മണിക്കൂറിനല്ലേ ഞാൻ കാശ് തന്നേ.. ഇതിപ്പോ 5 മിനുട്ട് പോലും ആയില്ലല്ലോ. *പടക്കം സാരമില്ലടാ.. അടുത്ത തവണ നോക്കാം 
ബാക്കി സമയത്തിന് നമുക്ക് ലുഡോ കളിച്ചാലോ? എഴിച്ചു പോടാ .."
933,0,"TROLL MALAYALAM
നൂറു ശതമാനം ലോകേഷ്..
ഹേയ്.. ഹേയ്..
Jamsheer Mik
Facebook
99% ലോകേഷ് മൂവി..!"
764,0,"
മലയാളി യുവാക്കളുടെ നാടൻ ചാരായം കാനഡയിൽ സൂപ്പർഹിറ്റ്
ഡിസ്റ്റിലറി പാട്ടത്തിനെടുത്ത്
കാനഡ മല്ലൂസ്
ഇനി ഒരു കാനഡ ബമ്പർ ടിക്കറ്റ് കൂടി ഇറക്കിയാൽ പൊളിച്ചു"
199,0,"ചങ്ക് ബ്രോയെ വീട്ടിൽ നിന്ന് ഫോൺ ചെയ്യുന്ന ഞാൻ...!
എന്ത്... നാളെ പെൻഡ്രൈവ് തരാൻ പറ്റില്ലെന്നോ...!! അടിച്ചു നിന്റെ മോന്ത ഞാൻ പൊളിക്കും ഊളെ..
നാളെ പെൻഡ്രൈവും കൊണ്ടല്ലാതെ ക്ലാസ്സിൽ വന്നാൽ നീ തീർന്നു..പന്ന പൂ....
അച്ഛൻ :
പൂമാനമേ...ഒരു രാഘമേഘം താ .....ആ പാട്ടിന്റെ സി.ഡി നാളെ കൊണ്ടു വരണോടാ...!!"
886,0,"ഒരു പോലിസ് ക്കിന് സത്യകഥ
ലൈസൻസ് എടുക്കാൻ മറന്നു അല്ലേ
രാവിലെ വണ്ടി കഴുകിയപ്പോൾ RC ബുക്ക് എടുത്ത് വീടിന്റെ അകത്ത് എടുത്ത് വെച്ചല്ലേ
കൂട്ടുക്കാരന് ചോര കൊടുക്കാൻ പോകുന്നത് കൊണ്ടാ ട്രിപ്പിൾ വെച്ച് ഓവർ സ്പീഡിൽ പോകുന്നത് അല്ലേ? ജ്യോത്സൻ ആണോ??
അല്ല.SI വത്സൻ. കിന്നരിക്കാതെ 100, രൂപ അടച്ചിട്ട് പോടാ
പഴ്സ് സാർ ഞാൻ
എടുക്കാനും മറന്നു"
887,0,"ഏത് പെണ്ണിനോട് ചോതിച്ചാലും അവർക്ക് ലൈൻ സ
പക്ഷെ നാട്ടിലുള്ള മിക്കവാറും ബോയ്സിനു
ലൈനും ഇല്ല
പിന്നെ ഇവളമ്മാരെ ഗന്ധർവന്മാർ
ആണോ പ്രേമിക്കുന്നെ"
352,0,"വാഹന ഉടമയ്ക്കെതിരെ ജാമ്യമില്ലാ വകുപ്പുകൾ ചുമത്തി കേസ്...
""പടയപ്പയെ വിരട്ടിയയാളെ വനംവകുപ്പ് വിരട്ടി
എനിക്ക് കാട്ടിൽ മാത്രമല്ലടാ 'പിടി'. വനംവകുപ്പിലും ഉണ്ടെടാ പിടി...!
"
721,1,ഇനി ആരുടെയൊക്കെ മുല തൂക്കിയാലും ഇവളുടെ മുല വെച്ചേക്കുന്ന തട്ട് താന്നു തന്നെ നിക്കും !
156,0,തന്റെ അന്ത്യ അത്താഴത്തിൽ പങ്കെടുക്കുന്ന യേശു ശിഷ്യന്മാർ
487,1,കല്യാണം കഴിഞ്ഞ് bed room ചെയ്യുന്നതിന്റെ ഇടയിൽ..  കണ്ണാടി ഉള്ള അലമാരകട്ടിലിനോട് ചേർത്ത് ഇടാം എന്ന് പറഞ്ഞ എന്തൊക്കുന്ന ഭാര്യ..
676,1,നഗ്മ ഒരു വെണ്ണക്കൽ പ്രതിമ മാത്രമല്ല – ഒരു കാമ കുതിര കൂടിയാണെന്ന് കാണിച്ചു തന്ന് ഇത് പോലൊരു ഭാര്യ ഉണ്ടെങ്കിൽ പിന്നെ അവളുടെ മുലയിൽ നിന്ന് കൈ എടുക്കേണ്ടിയും വരില്ല പൂറിൽ അടിച്ചു മടുക്കാതെയുമില്ല
109,1,"പടത്തിലും സ്റ്റേജിലും എല്ലാം കാണിച്ചു ആദ്യം പ്രൊഡ്യൂസറുമാരെ കമ്പിയാക്കി ദാ ഇപ്പൊ ലൈവിൽ വന്ന് ആ ഉരുണ്ട മുലയും വിടർന്ന ചാലും.. 
ചെറിയ ചാടിയ വയറും കുഴിഞ്ഞ പൊക്കിളും കാണിച്ചു നാട്ടിലുവമ്മാരെയെല്ലാം കംബിയാക്കുന്നു"
437,1,നാലുകെട്ട്
574,1,മലയാള സിനിമ ഒരു വേശ്യാലയമാണെങ്കിൽ അവിടുത്തെ ഏറ്റവും ഡിമാന്റുള്ള വെടി ആണ് ഇവൾ
472,1,വേണ്ടാ വേണ്ടാാാ. വേണ്ടെന്നു എന്താ നിർത്തിയത്? ഞാനങ്ങനെ പലതും പറയും അത് നിയമപ്രകാരമുള്ള മുന്നറിയിപ്പായ് കണ്ടാമതി
737,0,"adar
ദൈവമേ, എന്നെക്കാൾ ഗതികെട്ടവൻ ആരെങ്കിലും ഈ ലോകത്തുണ്ടോ?
Adar"